match_id,match_date,stage,team_id,team,opponent_id,opponent,home_away,goals_scored,avg_goals_scored_before,opponent_avg_goals_conceded_before,team_fifa_points,opponent_fifa_points,win_rate_before,opponent_scoring_match_rate_before,matches_played_before,opponent_clean_sheet_rate_before
400021443,2026-06-11 19:00:00+00:00,First Stage,43911,Mexico,43883,South Africa,Home,2,1.8,1.0,1687.48,1428.38,0.6,0.8,0,0.4
400021443,2026-06-11 19:00:00+00:00,First Stage,43883,South Africa,43911,Mexico,Away,0,0.8,0.4,1428.38,1687.48,0.2,0.8,0,0.6
400021441,2026-06-12 02:00:00+00:00,First Stage,43995,Czechia,43822,Korea Republic,Away,1,2.4,1.2,1505.74,1591.63,0.4,0.6,0,0.4
400021441,2026-06-12 02:00:00+00:00,First Stage,43822,Korea Republic,43995,Czechia,Home,2,1.6,1.6,1591.63,1505.74,0.6,1.0,0,0.0
400021449,2026-06-12 19:00:00+00:00,First Stage,44037,Bosnia and Herzegovina,43899,Canada,Away,1,0.8,0.6,1387.22,1559.48,0.0,0.8,0,0.6
400021449,2026-06-12 19:00:00+00:00,First Stage,43899,Canada,44037,Bosnia and Herzegovina,Home,1,1.4,0.8,1559.48,1387.22,0.4,0.8,0,0.2
400021458,2026-06-13 01:00:00+00:00,First Stage,43928,Paraguay,43921,USA,Away,1,1.8,2.4,1505.35,1671.23,0.6,0.8,0,0.0
400021458,2026-06-13 01:00:00+00:00,First Stage,43921,USA,43928,Paraguay,Home,4,2.0,1.4,1671.23,1505.35,0.4,1.0,0,0.4
400021447,2026-06-13 19:00:00+00:00,First Stage,43834,Qatar,43971,Switzerland,Home,1,0.2,1.4,1450.31,1650.06,0.0,0.8,0,0.2
400021447,2026-06-13 19:00:00+00:00,First Stage,43971,Switzerland,43834,Qatar,Away,1,1.8,1.2,1650.06,1450.31,0.2,0.2,0,0.2
400021456,2026-06-13 22:00:00+00:00,First Stage,43924,Brazil,43872,Morocco,Home,1,2.6,0.6,1765.86,1755.1,0.6,1.0,0,0.4
400021456,2026-06-13 22:00:00+00:00,First Stage,43872,Morocco,43924,Brazil,Away,1,2.6,1.4,1755.1,1765.86,0.6,1.0,0,0.0
400021453,2026-06-14 01:00:00+00:00,First Stage,43908,Haiti,43967,Scotland,Home,0,1.2,0.6,1293.1,1503.34,0.2,0.6,0,0.4
400021453,2026-06-14 01:00:00+00:00,First Stage,43967,Scotland,43908,Haiti,Away,1,1.8,1.0,1503.34,1293.1,0.6,0.6,0,0.2
400021463,2026-06-14 04:00:00+00:00,First Stage,43976,Australia,43972,Türkiye,Home,2,1.8,0.6,1579.34,1605.73,0.6,0.8,0,0.6
400021463,2026-06-14 04:00:00+00:00,First Stage,43972,Türkiye,43976,Australia,Away,0,1.6,0.6,1605.73,1579.34,0.8,0.8,0,0.4
400021464,2026-06-14 17:00:00+00:00,First Stage,1895293,Curaçao,43948,Germany,Away,1,1.2,1.0,1294.77,1735.77,0.2,1.0,0,0.4
400021464,2026-06-14 17:00:00+00:00,First Stage,43948,Germany,1895293,Curaçao,Home,7,3.6,2.2,1735.77,1294.77,1.0,0.6,0,0.4
400021470,2026-06-14 20:00:00+00:00,First Stage,43819,Japan,43960,Netherlands,Away,2,1.6,0.8,1661.58,1753.57,1.0,0.8,0,0.2
400021470,2026-06-14 20:00:00+00:00,First Stage,43960,Netherlands,43819,Japan,Home,2,1.8,0.0,1753.57,1661.58,0.6,1.0,0,1.0
400021467,2026-06-14 23:00:00+00:00,First Stage,43854,Côte d'Ivoire,43927,Ecuador,Home,1,2.4,0.6,1540.87,1598.52,0.8,1.0,0,0.4
400021467,2026-06-14 23:00:00+00:00,First Stage,43927,Ecuador,43854,Côte d'Ivoire,Away,0,1.8,0.8,1598.52,1540.87,0.6,1.0,0,0.6
400021474,2026-06-15 02:00:00+00:00,First Stage,43970,Sweden,43888,Tunisia,Home,5,2.8,2.2,1509.79,1476.41,0.6,0.4,0,0.4
400021474,2026-06-15 02:00:00+00:00,First Stage,43888,Tunisia,43970,Sweden,Away,1,0.4,1.8,1476.41,1509.79,0.2,1.0,0,0.0
400021482,2026-06-15 16:00:00+00:00,First Stage,43850,Cabo Verde,43969,Spain,Away,0,1.4,0.8,1371.11,1874.71,0.2,0.8,0,0.4
400021482,2026-06-15 16:00:00+00:00,First Stage,43969,Spain,43850,Cabo Verde,Home,0,1.8,1.8,1874.71,1371.11,0.4,0.8,0,0.2
400021478,2026-06-15 19:00:00+00:00,First Stage,43935,Belgium,43855,Egypt,Home,1,4.0,0.4,1742.24,1562.37,0.8,0.6,0,0.8
400021478,2026-06-15 19:00:00+00:00,First Stage,43855,Egypt,43935,Belgium,Away,1,1.2,0.6,1562.37,1742.24,0.4,1.0,0,0.6
400021486,2026-06-15 22:00:00+00:00,First Stage,43835,Saudi Arabia,43930,Uruguay,Home,1,1.0,1.4,1423.88,1673.07,0.2,0.6,0,0.4
400021486,2026-06-15 22:00:00+00:00,First Stage,43930,Uruguay,43835,Saudi Arabia,Away,1,0.8,1.6,1673.07,1423.88,0.2,0.6,0,0.4
400021476,2026-06-16 01:00:00+00:00,First Stage,43817,IR Iran,43978,New Zealand,Home,2,2.6,2.0,1619.58,1275.58,0.6,0.4,0,0.0
400021476,2026-06-16 01:00:00+00:00,First Stage,43978,New Zealand,43817,IR Iran,Away,2,1.2,1.0,1275.58,1619.58,0.2,1.0,0,0.4
400021490,2026-06-16 19:00:00+00:00,First Stage,43946,France,43879,Senegal,Home,3,2.4,1.4,1870.7,1684.07,0.8,0.6,0,0.4
400021490,2026-06-16 19:00:00+00:00,First Stage,43879,Senegal,43946,France,Away,1,1.4,1.2,1684.07,1870.7,0.4,1.0,0,0.0
400021488,2026-06-16 22:00:00+00:00,First Stage,43818,Iraq,43961,Norway,Home,1,0.8,1.0,1446.28,1557.44,0.4,0.8,0,0.2
400021488,2026-06-16 22:00:00+00:00,First Stage,43961,Norway,43818,Iraq,Away,4,1.8,1.0,1557.44,1446.28,0.4,0.6,0,0.2
400021496,2026-06-17 01:00:00+00:00,First Stage,43843,Algeria,43922,Argentina,Away,0,2.4,0.2,1571.03,1877.27,0.6,1.0,0,0.8
400021496,2026-06-17 01:00:00+00:00,First Stage,43922,Argentina,43843,Algeria,Home,3,3.0,0.6,1877.27,1571.03,1.0,0.6,0,0.8
400021498,2026-06-17 04:00:00+00:00,First Stage,43934,Austria,43820,Jordan,Home,3,2.2,2.6,1597.4,1387.74,0.8,0.8,0,0.0
400021498,2026-06-17 04:00:00+00:00,First Stage,43820,Jordan,43934,Austria,Away,1,1.2,0.6,1387.74,1597.4,0.0,1.0,0,0.4
400021502,2026-06-17 17:00:00+00:00,First Stage,20014,Congo DR,43963,Portugal,Away,1,0.8,0.6,1474.43,1767.85,0.4,0.8,0,0.4
400021502,2026-06-17 17:00:00+00:00,First Stage,43963,Portugal,20014,Congo DR,Home,1,3.0,0.6,1767.85,1474.43,0.8,0.6,0,0.6
400021507,2026-06-17 20:00:00+00:00,First Stage,43938,Croatia,43942,England,Away,2,1.6,0.4,1714.87,1828.02,0.6,0.8,0,0.6
400021507,2026-06-17 20:00:00+00:00,First Stage,43942,England,43938,Croatia,Home,4,1.4,1.8,1828.02,1714.87,0.6,0.8,0,0.0
400021510,2026-06-17 23:00:00+00:00,First Stage,43860,Ghana,43914,Panama,Home,1,0.6,2.2,1346.88,1539.16,0.0,1.0,0,0.0
400021510,2026-06-17 23:00:00+00:00,First Stage,43914,Panama,43860,Ghana,Away,0,2.0,2.2,1539.16,1346.88,0.4,0.6,0,0.0
400021504,2026-06-18 02:00:00+00:00,First Stage,43926,Colombia,44005,Uzbekistan,Away,3,2.0,1.6,1698.35,1458.73,0.6,0.6,0,0.2
400021504,2026-06-18 02:00:00+00:00,First Stage,44005,Uzbekistan,43926,Colombia,Home,1,1.0,1.4,1458.73,1698.35,0.2,1.0,0,0.2
400021440,2026-06-18 16:00:00+00:00,First Stage,43995,Czechia,43883,South Africa,Home,1,1.0,2.0,1505.74,1428.38,0.0,0.0,1,0.0
400021440,2026-06-18 16:00:00+00:00,First Stage,43883,South Africa,43995,Czechia,Away,1,0.0,2.0,1428.38,1505.74,0.0,1.0,1,0.0
400021446,2026-06-18 19:00:00+00:00,First Stage,44037,Bosnia and Herzegovina,43971,Switzerland,Away,1,1.0,1.0,1387.22,1650.06,0.0,1.0,1,0.0
400021446,2026-06-18 19:00:00+00:00,First Stage,43971,Switzerland,44037,Bosnia and Herzegovina,Home,4,1.0,1.0,1650.06,1387.22,0.0,1.0,1,0.0
400021450,2026-06-18 22:00:00+00:00,First Stage,43899,Canada,43834,Qatar,Home,6,1.0,1.0,1559.48,1450.31,0.0,1.0,1,0.0
400021450,2026-06-18 22:00:00+00:00,First Stage,43834,Qatar,43899,Canada,Away,0,1.0,1.0,1450.31,1559.48,0.0,1.0,1,0.0
400021442,2026-06-19 01:00:00+00:00,First Stage,43822,Korea Republic,43911,Mexico,Away,0,2.0,0.0,1591.63,1687.48,1.0,1.0,1,1.0
400021442,2026-06-19 01:00:00+00:00,First Stage,43911,Mexico,43822,Korea Republic,Home,1,2.0,1.0,1687.48,1591.63,1.0,1.0,1,0.0
400021462,2026-06-19 19:00:00+00:00,First Stage,43976,Australia,43921,USA,Away,0,2.0,1.0,1579.34,1671.23,1.0,1.0,1,0.0
400021462,2026-06-19 19:00:00+00:00,First Stage,43921,USA,43976,Australia,Home,2,4.0,0.0,1671.23,1579.34,1.0,1.0,1,1.0
400021454,2026-06-19 22:00:00+00:00,First Stage,43872,Morocco,43967,Scotland,Away,1,1.0,0.0,1755.1,1503.34,0.0,1.0,1,1.0
400021454,2026-06-19 22:00:00+00:00,First Stage,43967,Scotland,43872,Morocco,Home,0,1.0,1.0,1503.34,1755.1,1.0,1.0,1,0.0
400021457,2026-06-20 00:30:00+00:00,First Stage,43924,Brazil,43908,Haiti,Home,3,1.0,1.0,1765.86,1293.1,0.0,0.0,1,0.0
400021457,2026-06-20 00:30:00+00:00,First Stage,43908,Haiti,43924,Brazil,Away,0,0.0,1.0,1293.1,1765.86,0.0,1.0,1,0.0
400021460,2026-06-20 03:00:00+00:00,First Stage,43928,Paraguay,43972,Türkiye,Away,1,1.0,2.0,1505.35,1605.73,0.0,0.0,1,0.0
400021460,2026-06-20 03:00:00+00:00,First Stage,43972,Türkiye,43928,Paraguay,Home,0,0.0,4.0,1605.73,1505.35,0.0,1.0,1,0.0
400021472,2026-06-20 17:00:00+00:00,First Stage,43960,Netherlands,43970,Sweden,Home,5,2.0,1.0,1753.57,1509.79,0.0,1.0,1,0.0
400021472,2026-06-20 17:00:00+00:00,First Stage,43970,Sweden,43960,Netherlands,Away,1,5.0,2.0,1509.79,1753.57,1.0,1.0,1,0.0
400021469,2026-06-20 20:00:00+00:00,First Stage,43854,Côte d'Ivoire,43948,Germany,Away,1,1.0,1.0,1540.87,1735.77,1.0,1.0,1,0.0
400021469,2026-06-20 20:00:00+00:00,First Stage,43948,Germany,43854,Côte d'Ivoire,Home,2,7.0,0.0,1735.77,1540.87,1.0,1.0,1,1.0
400021465,2026-06-21 00:00:00+00:00,First Stage,1895293,Curaçao,43927,Ecuador,Away,0,1.0,1.0,1294.77,1598.52,0.0,0.0,1,0.0
400021465,2026-06-21 00:00:00+00:00,First Stage,43927,Ecuador,1895293,Curaçao,Home,0,0.0,7.0,1598.52,1294.77,0.0,1.0,1,0.0
400021475,2026-06-21 04:00:00+00:00,First Stage,43819,Japan,43888,Tunisia,Away,4,2.0,5.0,1661.58,1476.41,0.0,1.0,1,0.0
400021475,2026-06-21 04:00:00+00:00,First Stage,43888,Tunisia,43819,Japan,Home,0,1.0,2.0,1476.41,1661.58,0.0,1.0,1,0.0
400021483,2026-06-21 16:00:00+00:00,First Stage,43835,Saudi Arabia,43969,Spain,Away,0,1.0,0.0,1423.88,1874.71,0.0,0.0,1,1.0
400021483,2026-06-21 16:00:00+00:00,First Stage,43969,Spain,43835,Saudi Arabia,Home,4,0.0,1.0,1874.71,1423.88,0.0,1.0,1,0.0
400021477,2026-06-21 19:00:00+00:00,First Stage,43935,Belgium,43817,IR Iran,Home,0,1.0,2.0,1742.24,1619.58,0.0,1.0,1,0.0
400021477,2026-06-21 19:00:00+00:00,First Stage,43817,IR Iran,43935,Belgium,Away,0,2.0,1.0,1619.58,1742.24,0.0,1.0,1,0.0
400021487,2026-06-21 22:00:00+00:00,First Stage,43850,Cabo Verde,43930,Uruguay,Away,2,0.0,1.0,1371.11,1673.07,0.0,1.0,1,0.0
400021487,2026-06-21 22:00:00+00:00,First Stage,43930,Uruguay,43850,Cabo Verde,Home,2,1.0,0.0,1673.07,1371.11,0.0,0.0,1,1.0
400021480,2026-06-22 01:00:00+00:00,First Stage,43855,Egypt,43978,New Zealand,Away,3,1.0,2.0,1562.37,1275.58,0.0,1.0,1,0.0
400021480,2026-06-22 01:00:00+00:00,First Stage,43978,New Zealand,43855,Egypt,Home,1,2.0,1.0,1275.58,1562.37,0.0,1.0,1,0.0
400021494,2026-06-22 17:00:00+00:00,First Stage,43922,Argentina,43934,Austria,Home,2,3.0,1.0,1877.27,1597.4,1.0,1.0,1,0.0
400021494,2026-06-22 17:00:00+00:00,First Stage,43934,Austria,43922,Argentina,Away,0,3.0,0.0,1597.4,1877.27,1.0,1.0,1,1.0
400021492,2026-06-22 21:00:00+00:00,First Stage,43946,France,43818,Iraq,Home,3,3.0,4.0,1870.7,1446.28,1.0,1.0,1,0.0
400021492,2026-06-22 21:00:00+00:00,First Stage,43818,Iraq,43946,France,Away,0,1.0,1.0,1446.28,1870.7,0.0,1.0,1,0.0
400021491,2026-06-23 00:00:00+00:00,First Stage,43961,Norway,43879,Senegal,Home,3,4.0,3.0,1557.44,1684.07,1.0,1.0,1,0.0
400021491,2026-06-23 00:00:00+00:00,First Stage,43879,Senegal,43961,Norway,Away,2,1.0,1.0,1684.07,1557.44,0.0,1.0,1,0.0
400021499,2026-06-23 03:00:00+00:00,First Stage,43843,Algeria,43820,Jordan,Away,2,0.0,3.0,1571.03,1387.74,0.0,1.0,1,0.0
400021499,2026-06-23 03:00:00+00:00,First Stage,43820,Jordan,43843,Algeria,Home,1,1.0,3.0,1387.74,1571.03,0.0,0.0,1,0.0
400021503,2026-06-23 17:00:00+00:00,First Stage,43963,Portugal,44005,Uzbekistan,Home,5,1.0,3.0,1767.85,1458.73,0.0,1.0,1,0.0
400021503,2026-06-23 17:00:00+00:00,First Stage,44005,Uzbekistan,43963,Portugal,Away,0,1.0,1.0,1458.73,1767.85,0.0,1.0,1,0.0
400021506,2026-06-23 20:00:00+00:00,First Stage,43942,England,43860,Ghana,Home,0,4.0,0.0,1828.02,1346.88,1.0,1.0,1,1.0
400021506,2026-06-23 20:00:00+00:00,First Stage,43860,Ghana,43942,England,Away,0,1.0,2.0,1346.88,1828.02,1.0,1.0,1,0.0
400021511,2026-06-23 23:00:00+00:00,First Stage,43938,Croatia,43914,Panama,Away,1,2.0,1.0,1714.87,1539.16,0.0,0.0,1,0.0
400021511,2026-06-23 23:00:00+00:00,First Stage,43914,Panama,43938,Croatia,Home,0,0.0,4.0,1539.16,1714.87,0.0,1.0,1,0.0
400021501,2026-06-24 02:00:00+00:00,First Stage,43926,Colombia,20014,Congo DR,Home,1,3.0,1.0,1698.35,1474.43,1.0,1.0,1,0.0
400021501,2026-06-24 02:00:00+00:00,First Stage,20014,Congo DR,43926,Colombia,Away,0,1.0,1.0,1474.43,1698.35,0.0,1.0,1,0.0
400021448,2026-06-24 19:00:00+00:00,First Stage,44037,Bosnia and Herzegovina,43834,Qatar,Home,3,1.0,3.5,1387.22,1450.31,0.0,0.5,2,0.0
400021448,2026-06-24 19:00:00+00:00,First Stage,43834,Qatar,44037,Bosnia and Herzegovina,Away,1,0.5,2.5,1450.31,1387.22,0.0,1.0,2,0.0
400021451,2026-06-24 19:00:00+00:00,First Stage,43899,Canada,43971,Switzerland,Away,1,3.5,1.0,1559.48,1650.06,0.5,1.0,2,0.0
400021451,2026-06-24 19:00:00+00:00,First Stage,43971,Switzerland,43899,Canada,Home,2,2.5,0.5,1650.06,1559.48,0.5,1.0,2,0.5
400021452,2026-06-24 22:00:00+00:00,First Stage,43908,Haiti,43872,Morocco,Away,2,0.0,0.5,1293.1,1755.1,0.0,1.0,2,0.5
400021452,2026-06-24 22:00:00+00:00,First Stage,43872,Morocco,43908,Haiti,Home,4,1.0,2.0,1755.1,1293.1,0.5,0.0,2,0.0
400021455,2026-06-24 22:00:00+00:00,First Stage,43924,Brazil,43967,Scotland,Away,3,2.0,0.5,1765.86,1503.34,0.5,0.5,2,0.5
400021455,2026-06-24 22:00:00+00:00,First Stage,43967,Scotland,43924,Brazil,Home,0,0.5,0.5,1503.34,1765.86,0.5,1.0,2,0.5
400021444,2026-06-25 01:00:00+00:00,First Stage,43995,Czechia,43911,Mexico,Home,0,1.0,0.0,1505.74,1687.48,0.0,1.0,2,1.0
400021444,2026-06-25 01:00:00+00:00,First Stage,43911,Mexico,43995,Czechia,Away,3,1.5,1.5,1687.48,1505.74,1.0,1.0,2,0.0
400021445,2026-06-25 01:00:00+00:00,First Stage,43822,Korea Republic,43883,South Africa,Away,0,1.0,1.5,1591.63,1428.38,0.5,0.5,2,0.0
400021445,2026-06-25 01:00:00+00:00,First Stage,43883,South Africa,43822,Korea Republic,Home,1,0.5,1.0,1428.38,1591.63,0.0,0.5,2,0.0
400021466,2026-06-25 20:00:00+00:00,First Stage,43927,Ecuador,43948,Germany,Home,2,0.0,1.0,1598.52,1735.77,0.0,1.0,2,0.0
400021466,2026-06-25 20:00:00+00:00,First Stage,43948,Germany,43927,Ecuador,Away,1,4.5,0.5,1735.77,1598.52,1.0,0.0,2,0.5
400021468,2026-06-25 20:00:00+00:00,First Stage,1895293,Curaçao,43854,Côte d'Ivoire,Home,0,0.5,1.0,1294.77,1540.87,0.0,1.0,2,0.5
400021468,2026-06-25 20:00:00+00:00,First Stage,43854,Côte d'Ivoire,1895293,Curaçao,Away,2,1.0,3.5,1540.87,1294.77,0.5,0.5,2,0.5
400021471,2026-06-25 23:00:00+00:00,First Stage,43819,Japan,43970,Sweden,Home,1,3.0,3.0,1661.58,1509.79,0.5,1.0,2,0.0
400021471,2026-06-25 23:00:00+00:00,First Stage,43970,Sweden,43819,Japan,Away,1,3.0,1.0,1509.79,1661.58,0.5,1.0,2,0.5
400021473,2026-06-25 23:00:00+00:00,First Stage,43960,Netherlands,43888,Tunisia,Away,3,3.5,4.5,1753.57,1476.41,0.5,0.5,2,0.0
400021473,2026-06-25 23:00:00+00:00,First Stage,43888,Tunisia,43960,Netherlands,Home,1,0.5,1.5,1476.41,1753.57,0.0,1.0,2,0.0
400021459,2026-06-26 02:00:00+00:00,First Stage,43972,Türkiye,43921,USA,Home,3,0.0,0.5,1605.73,1671.23,0.0,1.0,2,0.5
400021459,2026-06-26 02:00:00+00:00,First Stage,43921,USA,43972,Türkiye,Away,2,3.0,1.5,1671.23,1605.73,1.0,0.0,2,0.0
400021461,2026-06-26 02:00:00+00:00,First Stage,43976,Australia,43928,Paraguay,Away,0,1.0,2.0,1579.34,1505.35,0.5,1.0,2,0.5
400021461,2026-06-26 02:00:00+00:00,First Stage,43928,Paraguay,43976,Australia,Home,0,1.0,1.0,1505.35,1579.34,0.5,0.5,2,0.5
400021489,2026-06-26 19:00:00+00:00,First Stage,43946,France,43961,Norway,Away,4,3.0,1.5,1870.7,1557.44,1.0,1.0,2,0.0
400021489,2026-06-26 19:00:00+00:00,First Stage,43961,Norway,43946,France,Home,1,3.5,0.5,1557.44,1870.7,1.0,1.0,2,0.5
400021493,2026-06-26 19:00:00+00:00,First Stage,43818,Iraq,43879,Senegal,Away,0,0.5,3.0,1446.28,1684.07,0.0,1.0,2,0.0
400021493,2026-06-26 19:00:00+00:00,First Stage,43879,Senegal,43818,Iraq,Home,5,1.5,3.5,1684.07,1446.28,0.0,0.5,2,0.0
400021484,2026-06-27 00:00:00+00:00,First Stage,43969,Spain,43930,Uruguay,Away,1,2.0,1.5,1874.71,1673.07,0.5,1.0,2,0.0
400021484,2026-06-27 00:00:00+00:00,First Stage,43930,Uruguay,43969,Spain,Home,0,1.5,0.0,1673.07,1874.71,0.0,0.5,2,1.0
400021485,2026-06-27 00:00:00+00:00,First Stage,43850,Cabo Verde,43835,Saudi Arabia,Home,0,1.0,2.5,1371.11,1423.88,0.0,0.5,2,0.0
400021485,2026-06-27 00:00:00+00:00,First Stage,43835,Saudi Arabia,43850,Cabo Verde,Away,0,0.5,1.0,1423.88,1371.11,0.0,0.5,2,0.5
400021479,2026-06-27 03:00:00+00:00,First Stage,43855,Egypt,43817,IR Iran,Home,1,2.0,1.0,1562.37,1619.58,0.5,0.5,2,0.5
400021479,2026-06-27 03:00:00+00:00,First Stage,43817,IR Iran,43855,Egypt,Away,1,1.0,1.0,1619.58,1562.37,0.0,1.0,2,0.0
400021481,2026-06-27 03:00:00+00:00,First Stage,43935,Belgium,43978,New Zealand,Away,5,0.5,2.5,1742.24,1275.58,0.0,1.0,2,0.0
400021481,2026-06-27 03:00:00+00:00,First Stage,43978,New Zealand,43935,Belgium,Home,1,1.5,0.5,1275.58,1742.24,0.0,0.5,2,0.5
400021508,2026-06-27 21:00:00+00:00,First Stage,43942,England,43914,Panama,Away,2,2.0,1.0,1828.02,1539.16,0.5,0.0,2,0.0
400021508,2026-06-27 21:00:00+00:00,First Stage,43914,Panama,43942,England,Home,0,0.0,1.0,1539.16,1828.02,0.0,0.5,2,0.5
400021509,2026-06-27 21:00:00+00:00,First Stage,43938,Croatia,43860,Ghana,Home,2,1.5,0.0,1714.87,1346.88,0.5,0.5,2,1.0
400021509,2026-06-27 21:00:00+00:00,First Stage,43860,Ghana,43938,Croatia,Away,1,0.5,2.0,1346.88,1714.87,0.5,1.0,2,0.5
400021500,2026-06-27 23:30:00+00:00,First Stage,20014,Congo DR,44005,Uzbekistan,Home,3,0.5,4.0,1474.43,1458.73,0.0,0.5,2,0.0
400021500,2026-06-27 23:30:00+00:00,First Stage,44005,Uzbekistan,20014,Congo DR,Away,1,0.5,1.0,1458.73,1474.43,0.0,0.5,2,0.0
400021505,2026-06-27 23:30:00+00:00,First Stage,43926,Colombia,43963,Portugal,Home,0,2.0,0.5,1698.35,1767.85,1.0,1.0,2,0.5
400021505,2026-06-27 23:30:00+00:00,First Stage,43963,Portugal,43926,Colombia,Away,0,3.0,0.5,1767.85,1698.35,0.5,1.0,2,0.5
400021495,2026-06-28 02:00:00+00:00,First Stage,43922,Argentina,43820,Jordan,Away,3,2.5,2.5,1877.27,1387.74,1.0,1.0,2,0.0
400021495,2026-06-28 02:00:00+00:00,First Stage,43820,Jordan,43922,Argentina,Home,1,1.0,0.0,1387.74,1877.27,0.0,1.0,2,1.0
400021497,2026-06-28 02:00:00+00:00,First Stage,43843,Algeria,43934,Austria,Home,3,1.0,1.5,1571.03,1597.4,0.5,0.5,2,0.0
400021497,2026-06-28 02:00:00+00:00,First Stage,43934,Austria,43843,Algeria,Away,3,1.5,2.0,1597.4,1571.03,0.5,0.5,2,0.0
400021518,2026-06-28 19:00:00+00:00,Round of 32,43899,Canada,43883,South Africa,Away,1,2.6666666666666665,1.0,1559.48,1428.38,0.3333333333333333,0.6666666666666666,3,0.3333333333333333
400021518,2026-06-28 19:00:00+00:00,Round of 32,43883,South Africa,43899,Canada,Home,0,0.6666666666666666,1.0,1428.38,1559.48,0.3333333333333333,1.0,3,0.3333333333333333
400021516,2026-06-29 17:00:00+00:00,Round of 32,43924,Brazil,43819,Japan,Home,2,2.333333333333333,1.0,1765.86,1661.58,0.6666666666666666,1.0,3,0.3333333333333333
400021516,2026-06-29 17:00:00+00:00,Round of 32,43819,Japan,43924,Brazil,Away,1,2.333333333333333,0.3333333333333333,1661.58,1765.86,0.3333333333333333,1.0,3,0.6666666666666666
400021513,2026-06-29 20:30:00+00:00,Round of 32,43948,Germany,43928,Paraguay,Home,1,3.333333333333333,1.3333333333333333,1735.77,1505.35,0.6666666666666666,0.6666666666666666,3,0.6666666666666666
400021513,2026-06-29 20:30:00+00:00,Round of 32,43928,Paraguay,43948,Germany,Away,1,0.6666666666666666,1.3333333333333333,1505.35,1735.77,0.3333333333333333,1.0,3,0.0
400021522,2026-06-30 01:00:00+00:00,Round of 32,43872,Morocco,43960,Netherlands,Away,1,2.0,1.3333333333333333,1755.1,1753.57,0.6666666666666666,1.0,3,0.0
400021522,2026-06-30 01:00:00+00:00,Round of 32,43960,Netherlands,43872,Morocco,Home,1,3.333333333333333,1.0,1753.57,1755.1,0.6666666666666666,1.0,3,0.3333333333333333
400021514,2026-06-30 17:00:00+00:00,Round of 32,43854,Côte d'Ivoire,43961,Norway,Home,1,1.3333333333333333,2.333333333333333,1540.87,1557.44,0.6666666666666666,1.0,3,0.0
400021514,2026-06-30 17:00:00+00:00,Round of 32,43961,Norway,43854,Côte d'Ivoire,Away,2,2.6666666666666665,0.6666666666666666,1557.44,1540.87,0.6666666666666666,1.0,3,0.6666666666666666
400021523,2026-06-30 21:00:00+00:00,Round of 32,43946,France,43970,Sweden,Home,3,3.333333333333333,2.333333333333333,1870.7,1509.79,1.0,1.0,3,0.0
400021523,2026-06-30 21:00:00+00:00,Round of 32,43970,Sweden,43946,France,Away,0,2.333333333333333,0.6666666666666666,1509.79,1870.7,0.3333333333333333,1.0,3,0.3333333333333333
400021520,2026-07-01 02:00:00+00:00,Round of 32,43927,Ecuador,43911,Mexico,Away,0,0.6666666666666666,0.0,1598.52,1687.48,0.3333333333333333,1.0,3,1.0
400021520,2026-07-01 02:00:00+00:00,Round of 32,43911,Mexico,43927,Ecuador,Home,2,2.0,0.6666666666666666,1687.48,1598.52,1.0,0.3333333333333333,3,0.3333333333333333
400021512,2026-07-01 16:00:00+00:00,Round of 32,20014,Congo DR,43942,England,Away,1,1.3333333333333333,0.6666666666666666,1474.43,1828.02,0.3333333333333333,0.6666666666666666,3,0.6666666666666666
400021512,2026-07-01 16:00:00+00:00,Round of 32,43942,England,20014,Congo DR,Home,2,2.0,1.0,1828.02,1474.43,0.6666666666666666,0.6666666666666666,3,0.0
400021525,2026-07-01 20:00:00+00:00,Round of 32,43935,Belgium,43879,Senegal,Home,3,2.0,2.0,1742.24,1684.07,0.3333333333333333,1.0,3,0.3333333333333333
400021525,2026-07-01 20:00:00+00:00,Round of 32,43879,Senegal,43935,Belgium,Away,2,2.6666666666666665,0.6666666666666666,1684.07,1742.24,0.3333333333333333,0.6666666666666666,3,0.3333333333333333
400021524,2026-07-02 00:00:00+00:00,Round of 32,44037,Bosnia and Herzegovina,43921,USA,Away,0,1.6666666666666667,1.3333333333333333,1387.22,1671.23,0.3333333333333333,1.0,3,0.3333333333333333
400021524,2026-07-02 00:00:00+00:00,Round of 32,43921,USA,44037,Bosnia and Herzegovina,Home,2,2.6666666666666665,2.0,1671.23,1387.22,0.6666666666666666,1.0,3,0.0
400021519,2026-07-02 19:00:00+00:00,Round of 32,43934,Austria,43969,Spain,Away,0,2.0,0.0,1597.4,1874.71,0.3333333333333333,0.6666666666666666,3,1.0
400021519,2026-07-02 19:00:00+00:00,Round of 32,43969,Spain,43934,Austria,Home,3,1.6666666666666667,2.0,1874.71,1597.4,0.6666666666666666,0.6666666666666666,3,0.0
400021526,2026-07-02 23:00:00+00:00,Round of 32,43938,Croatia,43963,Portugal,Away,1,1.6666666666666667,0.3333333333333333,1714.87,1767.85,0.6666666666666666,0.6666666666666666,3,0.6666666666666666
400021526,2026-07-02 23:00:00+00:00,Round of 32,43963,Portugal,43938,Croatia,Home,2,2.0,1.6666666666666667,1767.85,1714.87,0.3333333333333333,1.0,3,0.3333333333333333
400021527,2026-07-03 03:00:00+00:00,Round of 32,43843,Algeria,43971,Switzerland,Away,0,1.6666666666666667,1.0,1571.03,1650.06,0.3333333333333333,1.0,3,0.0
400021527,2026-07-03 03:00:00+00:00,Round of 32,43971,Switzerland,43843,Algeria,Home,2,2.333333333333333,2.333333333333333,1650.06,1571.03,0.6666666666666666,0.6666666666666666,3,0.0
400021515,2026-07-03 18:00:00+00:00,Round of 32,43976,Australia,43855,Egypt,Home,1,0.6666666666666666,1.0,1579.34,1562.37,0.3333333333333333,1.0,3,0.0
400021515,2026-07-03 18:00:00+00:00,Round of 32,43855,Egypt,43976,Australia,Away,1,1.6666666666666667,0.6666666666666666,1562.37,1579.34,0.3333333333333333,0.3333333333333333,3,0.6666666666666666
400021521,2026-07-03 22:00:00+00:00,Round of 32,43922,Argentina,43850,Cabo Verde,Home,3,2.6666666666666665,0.6666666666666666,1877.27,1371.11,1.0,0.3333333333333333,3,0.6666666666666666
400021521,2026-07-03 22:00:00+00:00,Round of 32,43850,Cabo Verde,43922,Argentina,Away,2,0.6666666666666666,0.3333333333333333,1371.11,1877.27,0.0,1.0,3,0.6666666666666666
400021517,2026-07-04 01:30:00+00:00,Round of 32,43926,Colombia,43860,Ghana,Home,1,1.3333333333333333,0.6666666666666666,1698.35,1346.88,0.6666666666666666,0.6666666666666666,3,0.6666666666666666
400021517,2026-07-04 01:30:00+00:00,Round of 32,43860,Ghana,43926,Colombia,Away,0,0.6666666666666666,0.3333333333333333,1346.88,1698.35,0.3333333333333333,0.6666666666666666,3,0.6666666666666666
400021530,2026-07-04 17:00:00+00:00,Round of 16,43899,Canada,43872,Morocco,Home,0,2.25,1.0,1559.48,1755.1,0.5,1.0,4,0.25
400021530,2026-07-04 17:00:00+00:00,Round of 16,43872,Morocco,43899,Canada,Away,3,1.75,0.75,1755.1,1559.48,0.5,1.0,4,0.5
400021533,2026-07-04 21:00:00+00:00,Round of 16,43946,France,43928,Paraguay,Away,1,3.25,1.25,1870.7,1505.35,1.0,0.75,4,0.5
400021533,2026-07-04 21:00:00+00:00,Round of 16,43928,Paraguay,43946,France,Home,0,0.75,0.5,1505.35,1870.7,0.25,1.0,4,0.5
400021532,2026-07-05 20:00:00+00:00,Round of 16,43924,Brazil,43961,Norway,Home,1,2.25,2.0,1765.86,1557.44,0.75,1.0,4,0.0
400021532,2026-07-05 20:00:00+00:00,Round of 16,43961,Norway,43924,Brazil,Away,2,2.5,0.5,1557.44,1765.86,0.75,1.0,4,0.5
400021531,2026-07-06 01:00:00+00:00,Round of 16,43942,England,43911,Mexico,Away,3,2.0,0.0,1828.02,1687.48,0.75,1.0,4,1.0
400021531,2026-07-06 01:00:00+00:00,Round of 16,43911,Mexico,43942,England,Home,2,2.0,0.75,1687.48,1828.02,1.0,0.75,4,0.5
400021529,2026-07-06 19:00:00+00:00,Round of 16,43963,Portugal,43969,Spain,Home,0,2.0,0.0,1767.85,1874.71,0.5,0.75,4,1.0
400021529,2026-07-06 19:00:00+00:00,Round of 16,43969,Spain,43963,Portugal,Away,1,2.0,0.5,1874.71,1767.85,0.75,0.75,4,0.5
400021534,2026-07-07 00:00:00+00:00,Round of 16,43935,Belgium,43921,USA,Away,4,2.25,1.0,1742.24,1671.23,0.5,1.0,4,0.5
400021534,2026-07-07 00:00:00+00:00,Round of 16,43921,USA,43935,Belgium,Home,1,2.5,1.0,1671.23,1742.24,0.75,0.75,4,0.25
400021528,2026-07-07 16:00:00+00:00,Round of 16,43922,Argentina,43855,Egypt,Home,3,2.75,1.0,1877.27,1562.37,1.0,1.0,4,0.0
400021528,2026-07-07 16:00:00+00:00,Round of 16,43855,Egypt,43922,Argentina,Away,2,1.5,0.75,1562.37,1877.27,0.25,1.0,4,0.5
400021535,2026-07-07 20:00:00+00:00,Round of 16,43926,Colombia,43971,Switzerland,Away,0,1.25,0.75,1698.35,1650.06,0.75,1.0,4,0.25
400021535,2026-07-07 20:00:00+00:00,Round of 16,43971,Switzerland,43926,Colombia,Home,0,2.25,0.25,1650.06,1698.35,0.75,0.75,4,0.75
400021536,2026-07-09 20:00:00+00:00,Quarter-final,43946,France,43872,Morocco,Home,2,2.8,0.8,1870.7,1755.1,1.0,1.0,5,0.4
400021536,2026-07-09 20:00:00+00:00,Quarter-final,43872,Morocco,43946,France,Away,0,2.0,0.4,1755.1,1870.7,0.6,1.0,5,0.6
400021538,2026-07-10 19:00:00+00:00,Quarter-final,43935,Belgium,43969,Spain,Away,1,2.6,0.0,1742.24,1874.71,0.6,0.8,5,1.0
400021538,2026-07-10 19:00:00+00:00,Quarter-final,43969,Spain,43935,Belgium,Home,2,1.8,1.0,1874.71,1742.24,0.8,0.8,5,0.2
400021539,2026-07-11 21:00:00+00:00,Quarter-final,43942,England,43961,Norway,Away,2,2.2,1.8,1828.02,1557.44,0.8,1.0,5,0.0
400021539,2026-07-11 21:00:00+00:00,Quarter-final,43961,Norway,43942,England,Home,1,2.4,1.0,1557.44,1828.02,0.8,0.8,5,0.4
400021537,2026-07-12 01:00:00+00:00,Quarter-final,43922,Argentina,43971,Switzerland,Home,3,2.8,0.6,1877.27,1650.06,1.0,0.8,5,0.4
400021537,2026-07-12 01:00:00+00:00,Quarter-final,43971,Switzerland,43922,Argentina,Away,1,1.8,1.0,1650.06,1877.27,0.6,1.0,5,0.4
400021541,2026-07-14 19:00:00+00:00,Semi-final,43946,France,43969,Spain,Home,0,2.6666666666666665,0.1666666666666666,1870.7,1874.71,1.0,0.8333333333333334,6,0.8333333333333334
400021541,2026-07-14 19:00:00+00:00,Semi-final,43969,Spain,43946,France,Away,2,1.8333333333333333,0.3333333333333333,1874.71,1870.7,0.8333333333333334,1.0,6,0.6666666666666666
400021540,2026-07-15 19:00:00+00:00,Semi-final,43922,Argentina,43942,England,Away,2,2.833333333333333,1.0,1877.27,1828.02,1.0,0.8333333333333334,6,0.3333333333333333
400021540,2026-07-15 19:00:00+00:00,Semi-final,43942,England,43922,Argentina,Home,1,2.1666666666666665,1.0,1828.02,1877.27,0.8333333333333334,1.0,6,0.3333333333333333
400021542,2026-07-18 21:00:00+00:00,Bronze final,43942,England,43946,France,Away,6,2.0,0.5714285714285714,1828.02,1870.7,0.7142857142857143,0.8571428571428571,7,0.5714285714285714
400021542,2026-07-18 21:00:00+00:00,Bronze final,43946,France,43942,England,Home,4,2.2857142857142856,1.1428571428571428,1870.7,1828.02,0.8571428571428571,0.8571428571428571,7,0.2857142857142857
400021543,2026-07-19 19:00:00+00:00,Final,43922,Argentina,43969,Spain,Away,0,2.7142857142857144,0.1428571428571428,1877.27,1874.71,1.0,0.8571428571428571,7,0.8571428571428571
400021543,2026-07-19 19:00:00+00:00,Final,43969,Spain,43922,Argentina,Home,1,1.8571428571428568,1.0,1874.71,1877.27,0.8571428571428571,1.0,7,0.2857142857142857
