team,squad_value_eur_millions,log_squad_value
France,1450.0,7.280008252884188
England,1400.0,7.244941546337007
Spain,1330.0,7.193685818395112
Germany,1300.0,7.170888478512505
Portugal,1010.0,6.918695219020472
Argentina,985.5,6.89416332546267
Brazil,894.5,6.797382221500767
Netherlands,751.0,6.62273632394984
Norway,620.1,6.431492099565257
Belgium,591.8,6.384857073981877
Morocco,579.85,6.364492547959484
Senegal,509.1,6.234606784928881
Croatia,434.0,6.075346031088684
Sweden,429.3,6.064482639844554
Côte d'Ivoire,426.5,6.0579542883768145
Türkiye,413.0,6.025865973825314
Japan,299.35,5.704948461296171
Switzerland,294.9,5.690021559406164
Uruguay,292.9,5.6832395734248715
Ghana,285.15,5.656516148855111
Austria,264.7,5.582367852765768
Algeria,262.45,5.573863596655295
Colombia,253.65,5.5398900533306135
United States,246.8,5.512621969195042
Mexico,238.8,5.479805242593414
Ecuador,187.05,5.2367078849163455
Czechia,181.2,5.205104984825858
Scotland,163.3,5.101694025043223
Paraguay,162.95,5.099561503290658
Bosnia and Herzegovina,154.8,5.048573133436648
Congo DR,150.1,5.017941869278694
Canada,131.63,4.887563296506261
South Korea,127.35,4.854760907317149
Egypt,91.95,4.532061714167453
Uzbekistan,83.2,4.4331949212482815
Australia,67.38,4.2250803842111555
Cabo Verde,62.15,4.1455128487965
Haiti,52.35,3.976873977747762
Tunisia,50.98,3.950859029213344
South Africa,42.15,3.764682417529437
Panama,28.83,3.395514598526657
Iran,25.5,3.2771447329921766
New Zealand,24.63,3.24376354037598
Curaçao,22.48,3.1561489949598958
Saudi Arabia,21.43,3.110399348532117
Jordan,21.38,3.108167702883779
Qatar,19.9,3.039749158970765
Iraq,16.8,2.8791984572980396
