match_date,team,opponent,goals_scored,goals_conceded
2026-03-27,Algeria,Guatemala,7,0
2026-03-31,Algeria,Uruguay,0,0
2026-06-03,Algeria,Netherlands,1,0
2026-06-10,Algeria,Bolivia,4,0
2026-06-16,Algeria,Argentina,0,3
2026-03-27,Argentina,Mauritania,2,1
2026-03-31,Argentina,Zambia,5,0
2026-06-06,Argentina,Honduras,2,0
2026-06-09,Argentina,Iceland,3,0
2026-06-16,Argentina,Algeria,3,0
2026-03-27,Australia,Cameroon,1,0
2026-03-31,Australia,Curaçao,5,1
2026-05-30,Australia,Mexico,0,1
2026-06-06,Australia,Switzerland,1,1
2026-06-13,Australia,Turkey,2,0
2025-11-18,Austria,Bosnia and Herzegovina,1,1
2026-03-27,Austria,Ghana,5,1
2026-03-31,Austria,South Korea,1,0
2026-06-01,Austria,Tunisia,1,0
2026-06-16,Austria,Jordan,3,1
2025-11-18,Belgium,Liechtenstein,7,0
2026-03-28,Belgium,United States,5,2
2026-03-31,Belgium,Mexico,1,1
2026-06-02,Belgium,Croatia,2,0
2026-06-06,Belgium,Tunisia,5,0
2025-11-18,Bosnia and Herzegovina,Austria,1,1
2026-03-26,Bosnia and Herzegovina,Wales,1,1
2026-03-31,Bosnia and Herzegovina,Italy,1,1
2026-05-29,Bosnia and Herzegovina,North Macedonia,0,0
2026-06-06,Bosnia and Herzegovina,Panama,1,1
2025-11-18,Brazil,Tunisia,1,1
2026-03-26,Brazil,France,1,2
2026-03-31,Brazil,Croatia,3,1
2026-05-31,Brazil,Panama,6,2
2026-06-06,Brazil,Egypt,2,1
2025-11-17,Cabo Verde,Egypt,1,1
2026-03-27,Cabo Verde,Chile,2,4
2026-03-30,Cabo Verde,Finland,1,1
2026-05-31,Cabo Verde,Serbia,3,0
2026-06-06,Cabo Verde,Bermuda,0,3
2025-11-18,Canada,Venezuela,2,0
2026-03-28,Canada,Iceland,2,2
2026-03-31,Canada,Tunisia,0,0
2026-06-01,Canada,Uzbekistan,2,0
2026-06-05,Canada,Republic of Ireland,1,1
2026-03-26,Colombia,Croatia,1,2
2026-03-29,Colombia,France,1,3
2026-06-01,Colombia,Costa Rica,3,1
2026-06-07,Colombia,Jordan,2,0
2026-06-17,Colombia,Uzbekistan,3,1
2026-01-06,Congo DR,Algeria,0,1
2026-03-25,Congo DR,Bermuda,2,0
2026-03-31,Congo DR,Jamaica,1,0
2026-06-03,Congo DR,Denmark,0,0
2026-06-09,Congo DR,Chile,1,2
2025-11-17,Croatia,Montenegro,3,2
2026-03-26,Croatia,Colombia,2,1
2026-03-31,Croatia,Brazil,1,3
2026-06-02,Croatia,Belgium,0,2
2026-06-07,Croatia,Slovenia,2,1
2025-11-18,Curaçao,Jamaica,0,0
2026-03-27,Curaçao,China,0,2
2026-03-31,Curaçao,Australia,1,5
2026-05-30,Curaçao,Scotland,1,4
2026-06-06,Curaçao,Aruba,4,0
2026-03-26,Czechia,Republic of Ireland,2,2
2026-03-31,Czechia,Denmark,2,2
2026-05-31,Czechia,Kosovo,2,1
2026-06-04,Czechia,Guatemala,5,1
2026-06-11,Czechia,South Korea,1,2
2026-01-06,Côte d'Ivoire,Burkina Faso,3,0
2026-01-10,Côte d'Ivoire,Egypt,2,3
2026-03-28,Côte d'Ivoire,South Korea,4,0
2026-03-31,Côte d'Ivoire,Scotland,1,0
2026-06-04,Côte d'Ivoire,France,2,1
2025-11-18,Ecuador,New Zealand,2,0
2026-03-27,Ecuador,Morocco,1,1
2026-03-31,Ecuador,Netherlands,1,1
2026-05-30,Ecuador,Saudi Arabia,2,1
2026-06-07,Ecuador,Guatemala,3,0
2026-01-17,Egypt,Nigeria,0,0
2026-03-27,Egypt,Saudi Arabia,4,0
2026-03-31,Egypt,Spain,0,0
2026-05-28,Egypt,Russia,1,0
2026-06-06,Egypt,Brazil,1,2
2025-11-16,England,Albania,2,0
2026-03-27,England,Uruguay,1,1
2026-03-31,England,Japan,0,1
2026-06-06,England,New Zealand,1,0
2026-06-10,England,Costa Rica,3,0
2025-11-16,France,Azerbaijan,3,1
2026-03-26,France,Brazil,2,1
2026-03-29,France,Colombia,3,1
2026-06-04,France,Ivory Coast,1,2
2026-06-08,France,Northern Ireland,3,1
2025-11-17,Germany,Slovakia,6,0
2026-03-27,Germany,Switzerland,4,3
2026-03-30,Germany,Ghana,2,1
2026-05-31,Germany,Finland,4,0
2026-06-06,Germany,United States,2,1
2025-11-18,Ghana,South Korea,0,1
2026-03-27,Ghana,Austria,1,5
2026-03-30,Ghana,Germany,1,2
2026-05-22,Ghana,Mexico,0,2
2026-06-02,Ghana,Wales,1,1
2026-03-28,Haiti,Tunisia,0,1
2026-03-31,Haiti,Iceland,1,1
2026-06-02,Haiti,New Zealand,4,0
2026-06-05,Haiti,Peru,1,2
2026-06-13,Haiti,Scotland,0,1
2026-03-27,IR Iran,Nigeria,1,2
2026-03-31,IR Iran,Costa Rica,5,0
2026-05-29,IR Iran,Gambia,3,1
2026-06-04,IR Iran,Mali,2,0
2026-06-15,IR Iran,New Zealand,2,2
2025-12-12,Iraq,Jordan,0,1
2026-03-31,Iraq,Bolivia,2,1
2026-05-29,Iraq,Andorra,1,0
2026-06-04,Iraq,Spain,1,1
2026-06-09,Iraq,Venezuela,0,2
2025-11-14,Japan,Ghana,2,0
2025-11-18,Japan,Bolivia,3,0
2026-03-28,Japan,Scotland,1,0
2026-03-31,Japan,England,1,0
2026-05-31,Japan,Iceland,1,0
2026-03-27,Jordan,Costa Rica,2,2
2026-03-31,Jordan,Nigeria,2,2
2026-05-31,Jordan,Switzerland,1,4
2026-06-07,Jordan,Colombia,0,2
2026-06-16,Jordan,Austria,1,3
2026-03-28,Korea Republic,Ivory Coast,0,4
2026-03-31,Korea Republic,Austria,0,1
2026-05-30,Korea Republic,Trinidad and Tobago,5,0
2026-06-03,Korea Republic,El Salvador,1,0
2026-06-11,Korea Republic,Czech Republic,2,1
2026-03-28,Mexico,Portugal,0,0
2026-03-31,Mexico,Belgium,1,1
2026-05-22,Mexico,Ghana,2,0
2026-05-30,Mexico,Australia,1,0
2026-06-04,Mexico,Serbia,5,1
2026-03-27,Morocco,Ecuador,1,1
2026-03-31,Morocco,Paraguay,2,1
2026-05-26,Morocco,Burundi,5,0
2026-06-02,Morocco,Madagascar,4,0
2026-06-07,Morocco,Norway,1,1
2025-11-17,Netherlands,Lithuania,4,0
2026-03-27,Netherlands,Norway,2,1
2026-03-31,Netherlands,Ecuador,1,1
2026-06-03,Netherlands,Algeria,0,1
2026-06-08,Netherlands,Uzbekistan,2,1
2026-03-27,New Zealand,Finland,0,2
2026-03-30,New Zealand,Chile,4,1
2026-06-02,New Zealand,Haiti,0,4
2026-06-06,New Zealand,England,0,1
2026-06-15,New Zealand,Iran,2,2
2025-11-16,Norway,Italy,4,1
2026-03-27,Norway,Netherlands,1,2
2026-03-31,Norway,Switzerland,0,0
2026-06-01,Norway,Sweden,3,1
2026-06-07,Norway,Morocco,1,1
2026-03-27,Panama,South Africa,1,1
2026-03-31,Panama,South Africa,2,1
2026-05-31,Panama,Brazil,2,6
2026-06-03,Panama,Dominican Republic,4,2
2026-06-06,Panama,Bosnia and Herzegovina,1,1
2025-11-18,Paraguay,Mexico,2,1
2026-03-27,Paraguay,Greece,1,0
2026-03-31,Paraguay,Morocco,1,2
2026-06-05,Paraguay,Nicaragua,4,0
2026-06-12,Paraguay,United States,1,4
2025-11-16,Portugal,Armenia,9,1
2026-03-28,Portugal,Mexico,0,0
2026-03-31,Portugal,United States,2,0
2026-06-06,Portugal,Chile,2,1
2026-06-10,Portugal,Nigeria,2,1
2025-12-01,Qatar,Palestine,0,1
2025-12-04,Qatar,Syria,1,1
2025-12-07,Qatar,Tunisia,0,3
2026-05-28,Qatar,Republic of Ireland,0,1
2026-06-06,Qatar,El Salvador,0,0
2026-03-27,Saudi Arabia,Egypt,0,4
2026-03-31,Saudi Arabia,Serbia,1,2
2026-05-30,Saudi Arabia,Ecuador,1,2
2026-06-05,Saudi Arabia,Puerto Rico,3,0
2026-06-09,Saudi Arabia,Senegal,0,0
2026-03-28,Scotland,Japan,0,1
2026-03-31,Scotland,Ivory Coast,0,1
2026-05-30,Scotland,Curaçao,4,1
2026-06-06,Scotland,Bolivia,4,0
2026-06-13,Scotland,Haiti,1,0
2026-01-18,Senegal,Morocco,0,3
2026-03-28,Senegal,Peru,2,0
2026-03-31,Senegal,Gambia,3,1
2026-05-31,Senegal,United States,2,3
2026-06-09,Senegal,Saudi Arabia,0,0
2026-01-04,South Africa,Cameroon,1,2
2026-03-27,South Africa,Panama,1,1
2026-03-31,South Africa,Panama,1,2
2026-05-29,South Africa,Nicaragua,0,0
2026-06-06,South Africa,Jamaica,1,0
2025-11-18,Spain,Turkey,2,2
2026-03-27,Spain,Serbia,3,0
2026-03-31,Spain,Egypt,0,0
2026-06-04,Spain,Iraq,1,1
2026-06-08,Spain,Peru,3,1
2026-03-26,Sweden,Ukraine,3,1
2026-03-31,Sweden,Poland,3,2
2026-06-01,Sweden,Norway,1,3
2026-06-04,Sweden,Greece,2,2
2026-06-14,Sweden,Tunisia,5,1
2025-11-18,Switzerland,Kosovo,1,1
2026-03-27,Switzerland,Germany,3,4
2026-03-31,Switzerland,Norway,0,0
2026-05-31,Switzerland,Jordan,4,1
2026-06-06,Switzerland,Australia,1,1
2026-03-28,Tunisia,Haiti,1,0
2026-03-31,Tunisia,Canada,0,0
2026-06-01,Tunisia,Austria,0,1
2026-06-06,Tunisia,Belgium,0,5
2026-06-14,Tunisia,Sweden,1,5
2026-03-26,Türkiye,Romania,1,0
2026-03-31,Türkiye,Kosovo,1,0
2026-06-01,Türkiye,North Macedonia,4,0
2026-06-06,Türkiye,Venezuela,2,1
2026-06-13,Türkiye,Australia,0,2
2026-03-28,USA,Belgium,2,5
2026-03-31,USA,Portugal,0,2
2026-05-31,USA,Senegal,3,2
2026-06-06,USA,Germany,1,2
2026-06-12,USA,Paraguay,4,1
2025-10-13,Uruguay,Uzbekistan,2,1
2025-11-15,Uruguay,Mexico,0,0
2025-11-18,Uruguay,United States,1,5
2026-03-27,Uruguay,England,1,1
2026-03-31,Uruguay,Algeria,0,0
2026-03-27,Uzbekistan,Gabon,3,1
2026-03-30,Uzbekistan,Venezuela,0,0
2026-06-01,Uzbekistan,Canada,0,2
2026-06-08,Uzbekistan,Netherlands,1,2
2026-06-17,Uzbekistan,Colombia,1,3
