team,baseline_matches,baseline_avg_goals_scored,baseline_avg_goals_conceded,baseline_win_rate,baseline_points_per_match,baseline_avg_goal_difference,baseline_scoring_match_rate,baseline_clean_sheet_rate,baseline_scoring_consistency
Algeria,5,2.4,0.6,0.6,2.0,1.8,0.6,0.8,2.727636339397171
Argentina,5,3.0,0.2,1.0,3.0,2.8,1.0,0.8,1.0954451150103321
Australia,5,1.8,0.6,0.6,2.0,1.2,0.8,0.4,1.7204650534085253
Austria,5,2.2,0.6,0.8,2.6,1.6,1.0,0.4,1.6
Belgium,5,4.0,0.6,0.8,2.6,3.4,1.0,0.6,2.1908902300206643
Bosnia and Herzegovina,5,0.8,0.8,0.0,1.0,0.0,0.8,0.2,0.4
Brazil,5,2.6,1.4,0.6,2.0,1.2,1.0,0.0,1.854723699099141
Cabo Verde,5,1.4,1.8,0.2,1.0,-0.4,0.8,0.2,1.0198039027185568
Canada,5,1.4,0.6,0.4,1.8,0.8,0.8,0.6,0.8
Colombia,5,2.0,1.4,0.6,1.8,0.6,1.0,0.2,0.8944271909999159
Congo DR,5,0.8,0.6,0.4,1.4,0.2,0.6,0.6,0.7483314773547882
Croatia,5,1.6,1.8,0.6,1.8,-0.2,0.8,0.0,1.019803902718557
Curaçao,5,1.2,2.2,0.2,0.8,-1.0,0.6,0.4,1.4696938456699067
Czechia,5,2.4,1.6,0.4,1.6,0.8,1.0,0.0,1.3564659966250536
Côte d'Ivoire,5,2.4,0.8,0.8,2.4,1.6,1.0,0.6,1.019803902718557
Ecuador,5,1.8,0.6,0.6,2.2,1.2,1.0,0.4,0.7483314773547882
Egypt,5,1.2,0.4,0.4,1.6,0.8,0.6,0.8,1.4696938456699071
England,5,1.4,0.4,0.6,2.0,1.0,0.8,0.6,1.019803902718557
France,5,2.4,1.2,0.8,2.4,1.2,1.0,0.0,0.8
Germany,5,3.6,1.0,1.0,3.0,2.6,1.0,0.4,1.4966629547095764
Ghana,5,0.6,2.2,0.0,0.2,-1.6,0.6,0.0,0.4898979485566356
Haiti,5,1.2,1.0,0.2,0.8,0.2,0.6,0.2,1.469693845669907
IR Iran,5,2.6,1.0,0.6,2.0,1.6,1.0,0.4,1.3564659966250536
Iraq,5,0.8,1.0,0.4,1.4,-0.2,0.6,0.2,0.7483314773547882
Japan,5,1.6,0.0,1.0,3.0,1.6,1.0,1.0,0.8
Jordan,5,1.2,2.6,0.0,0.4,-1.4,0.8,0.0,0.7483314773547882
Korea Republic,5,1.6,1.2,0.6,1.8,0.4,0.6,0.4,1.8547236990991405
Mexico,5,1.8,0.4,0.6,2.2,1.4,0.8,0.6,1.7204650534085253
Morocco,5,2.6,0.6,0.6,2.2,2.0,1.0,0.4,1.624807680927192
Netherlands,5,1.8,0.8,0.6,2.0,1.0,0.8,0.2,1.32664991614216
New Zealand,5,1.2,2.0,0.2,0.8,-0.8,0.4,0.0,1.6
Norway,5,1.8,1.0,0.4,1.6,0.8,0.8,0.2,1.469693845669907
Panama,5,2.0,2.2,0.4,1.6,-0.2,1.0,0.0,1.0954451150103321
Paraguay,5,1.8,1.4,0.6,1.8,0.4,1.0,0.4,1.1661903789690602
Portugal,5,3.0,0.6,0.8,2.6,2.4,0.8,0.4,3.0983866769659336
Qatar,5,0.2,1.2,0.0,0.4,-1.0,0.2,0.2,0.4
Saudi Arabia,5,1.0,1.6,0.2,0.8,-0.6,0.6,0.4,1.0954451150103324
Scotland,5,1.8,0.6,0.6,1.8,1.2,0.6,0.4,1.8330302779823362
Senegal,5,1.4,1.4,0.4,1.4,0.0,0.6,0.4,1.2
South Africa,5,0.8,1.0,0.2,1.0,-0.2,0.8,0.4,0.4
Spain,5,1.8,0.8,0.4,1.8,1.0,0.8,0.4,1.16619037896906
Sweden,5,2.8,1.8,0.6,2.0,1.0,1.0,0.0,1.32664991614216
Switzerland,5,1.8,1.4,0.2,1.2,0.4,0.8,0.2,1.469693845669907
Tunisia,5,0.4,2.2,0.2,0.8,-1.8,0.4,0.4,0.48989794855663565
Türkiye,5,1.6,0.6,0.8,2.4,1.0,0.8,0.6,1.3564659966250536
USA,5,2.0,2.4,0.4,1.2,-0.4,0.8,0.0,1.4142135623730951
Uruguay,5,0.8,1.4,0.2,1.2,-0.6,0.6,0.4,0.7483314773547882
Uzbekistan,5,1.0,1.6,0.2,0.8,-0.6,0.6,0.2,1.0954451150103321
