match_id,match_date,stage,home_team,away_team,home_goals,away_goals,goal_difference,fifa_points_difference,points_per_match_difference,avg_goals_scored_difference,avg_goals_conceded_difference,scoring_match_rate_difference,scoring_consistency_difference,clean_sheet_rate_difference,host_country_indicator
400021443,2026-06-11 19:00:00+00:00,First Stage,Mexico,South Africa,2,0,2,259.0999999999999,1.2000000000000002,1.0,-0.6,0.0,1.3204650534085252,0.19999999999999996,1
400021441,2026-06-12 02:00:00+00:00,First Stage,Korea Republic,Czechia,2,1,1,85.8900000000001,0.19999999999999996,-0.7999999999999998,-0.40000000000000013,-0.4,0.49825770247408685,0.4,0
400021449,2026-06-12 19:00:00+00:00,First Stage,Canada,Bosnia and Herzegovina,1,1,0,172.26,0.8,0.5999999999999999,-0.20000000000000007,0.0,0.4,0.39999999999999997,1
400021458,2026-06-13 01:00:00+00:00,First Stage,USA,Paraguay,4,1,3,165.8800000000001,-0.6000000000000001,0.19999999999999996,1.0,-0.19999999999999996,0.24802318340403495,-0.4,1
400021447,2026-06-13 19:00:00+00:00,First Stage,Qatar,Switzerland,1,1,0,-199.75,-0.7999999999999999,-1.6,-0.19999999999999996,-0.6000000000000001,-1.069693845669907,0.0,0
400021456,2026-06-13 22:00:00+00:00,First Stage,Brazil,Morocco,1,1,0,10.759999999999991,-0.20000000000000018,0.0,0.7999999999999999,0.0,0.22991601817194884,-0.4,0
400021453,2026-06-14 01:00:00+00:00,First Stage,Haiti,Scotland,0,1,-1,-210.24,-1.0,-0.6000000000000001,0.4,0.0,-0.36333643231242907,-0.2,0
400021463,2026-06-14 04:00:00+00:00,First Stage,Australia,Türkiye,2,0,2,-26.3900000000001,-0.3999999999999999,0.19999999999999996,0.0,0.0,0.36399905678347166,-0.19999999999999996,0
400021464,2026-06-14 17:00:00+00:00,First Stage,Germany,Curaçao,7,1,6,441.0,2.2,2.4000000000000004,-1.2000000000000002,0.4,0.026969109039669537,0.0,0
400021470,2026-06-14 20:00:00+00:00,First Stage,Netherlands,Japan,2,2,0,91.99000000000001,-1.0,0.19999999999999996,0.8,-0.19999999999999996,0.5266499161421601,-0.8,0
400021467,2026-06-14 23:00:00+00:00,First Stage,Côte d'Ivoire,Ecuador,1,0,1,-57.65000000000009,0.19999999999999973,0.5999999999999999,0.20000000000000007,0.0,0.2714724253637688,0.19999999999999996,0
400021474,2026-06-15 02:00:00+00:00,First Stage,Sweden,Tunisia,5,1,4,33.37999999999988,1.2,2.4,-0.40000000000000013,0.6,0.8367519675855245,-0.4,0
400021482,2026-06-15 16:00:00+00:00,First Stage,Spain,Cabo Verde,0,0,0,503.60000000000014,0.8,0.40000000000000013,-1.0,0.0,0.14638647625050316,0.2,0
400021478,2026-06-15 19:00:00+00:00,First Stage,Belgium,Egypt,1,1,0,179.87000000000012,1.0,2.8,0.19999999999999996,0.4,0.7211963843507572,-0.20000000000000007,0
400021486,2026-06-15 22:00:00+00:00,First Stage,Saudi Arabia,Uruguay,1,1,0,-249.18999999999983,-0.3999999999999999,0.19999999999999996,0.20000000000000018,0.0,0.34711363765554415,0.0,0
400021476,2026-06-16 01:00:00+00:00,First Stage,IR Iran,New Zealand,2,2,0,344.0,1.2,1.4000000000000001,-1.0,0.6,-0.24353400337494646,0.4,0
400021490,2026-06-16 19:00:00+00:00,First Stage,France,Senegal,3,1,2,186.6300000000001,1.0,1.0,-0.19999999999999996,0.4,-0.3999999999999999,-0.4,0
400021488,2026-06-16 22:00:00+00:00,First Stage,Iraq,Norway,1,4,-3,-111.16000000000008,-0.20000000000000018,-1.0,0.0,-0.20000000000000007,-0.7213623683151187,0.0,0
400021496,2026-06-17 01:00:00+00:00,First Stage,Argentina,Algeria,3,0,3,306.24,1.0,0.6000000000000001,-0.39999999999999997,0.4,-1.6321912243868393,0.0,0
400021498,2026-06-17 04:00:00+00:00,First Stage,Austria,Jordan,3,1,2,209.66000000000008,2.2,1.0000000000000002,-2.0,0.19999999999999996,0.8516685226452119,0.4,0
400021502,2026-06-17 17:00:00+00:00,First Stage,Portugal,Congo DR,1,1,0,293.41999999999985,1.2000000000000002,2.2,0.0,0.20000000000000007,2.3500551996111456,-0.19999999999999996,0
400021507,2026-06-17 20:00:00+00:00,First Stage,England,Croatia,4,2,2,113.15000000000009,0.19999999999999996,-0.20000000000000018,-1.4,0.0,0.0,0.6,0
400021510,2026-06-17 23:00:00+00:00,First Stage,Ghana,Panama,1,0,1,-192.27999999999997,-1.4000000000000001,-1.4,0.0,-0.4,-0.6055471664536963,0.0,0
400021504,2026-06-18 02:00:00+00:00,First Stage,Uzbekistan,Colombia,1,3,-2,-239.6199999999999,-1.0,-1.0,0.20000000000000018,-0.4,0.20101792401041607,0.0,0
400021440,2026-06-18 16:00:00+00:00,First Stage,Czechia,South Africa,1,1,0,77.3599999999999,0.0,1.0,0.0,1.0,0.0,0.0,0
400021446,2026-06-18 19:00:00+00:00,First Stage,Switzerland,Bosnia and Herzegovina,4,1,3,262.8399999999999,0.0,0.0,0.0,0.0,0.0,0.0,0
400021450,2026-06-18 22:00:00+00:00,First Stage,Canada,Qatar,6,0,6,109.17000000000007,0.0,0.0,0.0,0.0,0.0,0.0,1
400021442,2026-06-19 01:00:00+00:00,First Stage,Mexico,Korea Republic,1,0,1,95.84999999999991,0.0,0.0,-1.0,0.0,0.0,1.0,1
400021462,2026-06-19 19:00:00+00:00,First Stage,USA,Australia,2,0,2,91.8900000000001,0.0,2.0,1.0,0.0,0.0,-1.0,1
400021454,2026-06-19 22:00:00+00:00,First Stage,Scotland,Morocco,0,1,-1,-251.76,2.0,0.0,-1.0,0.0,0.0,1.0,0
400021457,2026-06-20 00:30:00+00:00,First Stage,Brazil,Haiti,3,0,3,472.76,1.0,1.0,0.0,1.0,0.0,0.0,0
400021460,2026-06-20 03:00:00+00:00,First Stage,Türkiye,Paraguay,0,1,-1,100.38000000000011,0.0,-1.0,-2.0,-1.0,0.0,0.0,0
400021472,2026-06-20 17:00:00+00:00,First Stage,Netherlands,Sweden,5,1,4,243.77999999999997,-2.0,-3.0,1.0,0.0,0.0,0.0,0
400021469,2026-06-20 20:00:00+00:00,First Stage,Germany,Côte d'Ivoire,2,1,1,194.9000000000001,0.0,6.0,1.0,0.0,0.0,-1.0,0
400021465,2026-06-21 00:00:00+00:00,First Stage,Ecuador,Curaçao,0,0,0,303.75,0.0,-1.0,-6.0,-1.0,0.0,0.0,0
400021475,2026-06-21 04:00:00+00:00,First Stage,Tunisia,Japan,0,4,-4,-185.16999999999985,-1.0,-1.0,3.0,0.0,0.0,0.0,0
400021483,2026-06-21 16:00:00+00:00,First Stage,Spain,Saudi Arabia,4,0,4,450.8299999999999,0.0,-1.0,-1.0,-1.0,0.0,1.0,0
400021477,2026-06-21 19:00:00+00:00,First Stage,Belgium,IR Iran,0,0,0,122.66000000000008,0.0,-1.0,-1.0,0.0,0.0,0.0,0
400021487,2026-06-21 22:00:00+00:00,First Stage,Uruguay,Cabo Verde,2,2,0,301.96000000000004,0.0,1.0,1.0,1.0,0.0,-1.0,0
400021480,2026-06-22 01:00:00+00:00,First Stage,New Zealand,Egypt,1,3,-2,-286.78999999999996,0.0,1.0,1.0,0.0,0.0,0.0,0
400021494,2026-06-22 17:00:00+00:00,First Stage,Argentina,Austria,2,0,2,279.8699999999999,0.0,0.0,-1.0,0.0,0.0,1.0,0
400021492,2026-06-22 21:00:00+00:00,First Stage,France,Iraq,3,0,3,424.4200000000001,3.0,2.0,-3.0,0.0,0.0,0.0,0
400021491,2026-06-23 00:00:00+00:00,First Stage,Norway,Senegal,3,2,1,-126.62999999999988,3.0,3.0,-2.0,0.0,0.0,0.0,0
400021499,2026-06-23 03:00:00+00:00,First Stage,Jordan,Algeria,1,2,-1,-183.28999999999996,0.0,1.0,0.0,1.0,0.0,0.0,0
400021503,2026-06-23 17:00:00+00:00,First Stage,Portugal,Uzbekistan,5,0,5,309.1199999999999,1.0,0.0,-2.0,0.0,0.0,0.0,0
400021506,2026-06-23 20:00:00+00:00,First Stage,England,Ghana,0,0,0,481.1399999999999,0.0,3.0,2.0,0.0,0.0,-1.0,0
400021511,2026-06-23 23:00:00+00:00,First Stage,Panama,Croatia,0,1,-1,-175.7099999999998,0.0,-2.0,-3.0,-1.0,0.0,0.0,0
400021501,2026-06-24 02:00:00+00:00,First Stage,Colombia,Congo DR,1,0,1,223.91999999999985,2.0,2.0,0.0,0.0,0.0,0.0,0
400021448,2026-06-24 19:00:00+00:00,First Stage,Bosnia and Herzegovina,Qatar,3,1,2,-63.08999999999992,0.0,0.5,-1.0,0.5,-0.5,0.0,0
400021451,2026-06-24 19:00:00+00:00,First Stage,Switzerland,Canada,2,1,1,90.57999999999993,0.0,-1.0,0.5,0.0,-1.0,-0.5,-1
400021452,2026-06-24 22:00:00+00:00,First Stage,Morocco,Haiti,4,2,2,462.0,2.0,1.0,-1.5,1.0,0.0,0.5,0
400021455,2026-06-24 22:00:00+00:00,First Stage,Scotland,Brazil,0,3,-3,-262.52,-0.5,-1.5,0.0,-0.5,-0.5,0.0,0
400021444,2026-06-25 01:00:00+00:00,First Stage,Czechia,Mexico,0,3,-3,-181.74,-2.5,-0.5,1.5,0.0,-0.5,-1.0,-1
400021445,2026-06-25 01:00:00+00:00,First Stage,South Africa,Korea Republic,1,0,1,-163.25,-1.0,-0.5,0.5,0.0,-0.5,0.0,0
400021466,2026-06-25 20:00:00+00:00,First Stage,Ecuador,Germany,2,1,1,-137.25,-2.5,-4.5,-0.5,-1.0,-2.5,0.5,0
400021468,2026-06-25 20:00:00+00:00,First Stage,Curaçao,Côte d'Ivoire,0,2,-2,-246.0999999999999,-1.0,-0.5,2.5,-0.5,0.5,0.0,0
400021471,2026-06-25 23:00:00+00:00,First Stage,Japan,Sweden,1,1,0,151.78999999999996,0.5,0.0,-2.0,0.0,-1.0,0.5,0
400021473,2026-06-25 23:00:00+00:00,First Stage,Tunisia,Netherlands,1,3,-2,-277.15999999999985,-2.0,-3.0,3.0,-0.5,-1.0,0.0,0
400021459,2026-06-26 02:00:00+00:00,First Stage,Türkiye,USA,3,2,1,-65.5,-3.0,-3.0,1.0,-1.0,-1.0,-0.5,-1
400021461,2026-06-26 02:00:00+00:00,First Stage,Paraguay,Australia,0,0,0,-73.99000000000001,0.0,0.0,1.0,0.5,-1.0,0.0,0
400021489,2026-06-26 19:00:00+00:00,First Stage,Norway,France,1,4,-3,-313.26,0.0,0.5,1.0,0.0,0.5,-0.5,0
400021493,2026-06-26 19:00:00+00:00,First Stage,Senegal,Iraq,5,0,5,237.78999999999996,0.0,1.0,-0.5,0.5,0.0,0.0,0
400021484,2026-06-27 00:00:00+00:00,First Stage,Uruguay,Spain,0,1,-1,-201.6400000000001,-1.0,-0.5,1.5,0.5,-1.5,-1.0,0
400021485,2026-06-27 00:00:00+00:00,First Stage,Cabo Verde,Saudi Arabia,0,0,0,-52.77000000000021,0.5,0.5,-1.5,0.0,0.5,0.5,0
400021479,2026-06-27 03:00:00+00:00,First Stage,Egypt,IR Iran,1,1,0,-57.210000000000036,1.0,1.0,0.0,0.5,0.0,-0.5,0
400021481,2026-06-27 03:00:00+00:00,First Stage,New Zealand,Belgium,1,5,-4,-466.6600000000001,-0.5,1.0,2.0,0.5,0.0,-0.5,0
400021508,2026-06-27 21:00:00+00:00,First Stage,Panama,England,0,2,-2,-288.8599999999999,-2.0,-2.0,0.0,-0.5,-2.0,-0.5,0
400021509,2026-06-27 21:00:00+00:00,First Stage,Croatia,Ghana,2,1,1,367.9899999999998,-0.5,1.0,2.0,0.5,0.0,-0.5,0
400021500,2026-06-27 23:30:00+00:00,First Stage,Congo DR,Uzbekistan,3,1,2,15.700000000000045,0.5,0.0,-3.0,0.0,0.0,0.0,0
400021505,2026-06-27 23:30:00+00:00,First Stage,Colombia,Portugal,0,0,0,-69.5,1.0,-1.0,0.0,0.0,-1.0,0.0,0
400021495,2026-06-28 02:00:00+00:00,First Stage,Jordan,Argentina,1,3,-2,-489.53,-3.0,-1.5,2.5,0.0,-0.5,-1.0,0
400021497,2026-06-28 02:00:00+00:00,First Stage,Algeria,Austria,3,3,0,-26.37000000000012,0.0,-0.5,0.5,0.0,-0.5,0.0,0
400021518,2026-06-28 19:00:00+00:00,Round of 32,South Africa,Canada,0,1,-1,-131.0999999999999,0.0,-2.0,0.0,-0.33333333333333337,-1.8856180831641263,0.0,-1
400021516,2026-06-29 17:00:00+00:00,Round of 32,Brazil,Japan,2,1,1,104.27999999999997,0.6666666666666663,0.0,-0.6666666666666667,0.0,-0.3044100873425837,0.3333333333333333,0
400021513,2026-06-29 20:30:00+00:00,Round of 32,Germany,Paraguay,1,1,0,230.42000000000007,0.6666666666666667,2.6666666666666665,0.0,0.33333333333333337,2.1532647705462384,-0.6666666666666666,0
400021522,2026-06-30 01:00:00+00:00,Round of 32,Netherlands,Morocco,1,1,0,-1.5299999999999727,0.0,1.333333333333333,0.33333333333333326,0.0,-0.1669944334484481,-0.3333333333333333,0
400021514,2026-06-30 17:00:00+00:00,Round of 32,Côte d'Ivoire,Norway,1,2,-1,-16.570000000000164,0.0,-1.3333333333333333,-1.6666666666666665,0.0,-0.7758146081336154,0.6666666666666666,0
400021523,2026-06-30 21:00:00+00:00,Round of 32,France,Sweden,3,0,3,360.9100000000001,1.6666666666666667,1.0,-1.6666666666666665,0.0,-1.4142135623730951,0.3333333333333333,0
400021520,2026-07-01 02:00:00+00:00,Round of 32,Mexico,Ecuador,2,0,2,88.96000000000004,1.6666666666666667,1.3333333333333335,-0.6666666666666666,0.6666666666666667,-0.12631246065433732,0.6666666666666667,1
400021512,2026-07-01 16:00:00+00:00,Round of 32,England,Congo DR,2,1,1,353.5899999999999,0.9999999999999998,0.6666666666666667,-0.33333333333333337,0.0,0.38577403293080503,0.6666666666666666,0
400021525,2026-07-01 20:00:00+00:00,Round of 32,Belgium,Senegal,3,2,1,58.17000000000007,0.6666666666666667,-0.6666666666666665,-1.3333333333333335,-0.33333333333333337,0.46057372827169196,0.0,0
400021524,2026-07-02 00:00:00+00:00,Round of 32,USA,Bosnia and Herzegovina,2,0,2,284.01,0.6666666666666667,0.9999999999999998,-0.6666666666666667,0.0,0.0,0.3333333333333333,1
400021519,2026-07-02 19:00:00+00:00,Round of 32,Spain,Austria,3,0,3,277.30999999999995,0.9999999999999998,-0.33333333333333326,-2.0,0.0,0.28545960882449983,1.0,0
400021526,2026-07-02 23:00:00+00:00,Round of 32,Portugal,Croatia,2,1,1,52.98000000000002,-0.33333333333333326,0.33333333333333326,-1.3333333333333335,-0.33333333333333337,1.6888423786782552,0.3333333333333333,0
400021527,2026-07-03 03:00:00+00:00,Round of 32,Switzerland,Algeria,2,0,2,79.02999999999997,0.9999999999999998,0.6666666666666663,-1.333333333333333,0.33333333333333337,0.0,0.0,0
400021515,2026-07-03 18:00:00+00:00,Round of 32,Australia,Egypt,1,1,0,16.970000000000027,-0.3333333333333335,-1.0,-0.33333333333333337,-0.6666666666666667,0.0,0.6666666666666666,0
400021521,2026-07-03 22:00:00+00:00,Round of 32,Argentina,Cabo Verde,3,2,1,506.1600000000001,2.0,2.0,-0.3333333333333333,0.6666666666666667,-0.4714045207910317,0.0,0
400021517,2026-07-04 01:30:00+00:00,Round of 32,Colombia,Ghana,1,0,1,351.4699999999998,0.9999999999999998,0.6666666666666666,-0.3333333333333333,0.0,0.7758146081336154,0.0,0
400021530,2026-07-04 17:00:00+00:00,Round of 16,Canada,Morocco,0,3,-3,-195.6199999999999,-0.25,0.5,-0.25,0.0,0.8660254037844384,0.25,1
400021533,2026-07-04 21:00:00+00:00,Round of 16,Paraguay,France,0,1,-1,-365.35000000000014,-1.75,-2.5,0.75,-0.25,0.0,0.0,0
400021532,2026-07-05 20:00:00+00:00,Round of 16,Brazil,Norway,1,2,-1,208.41999999999985,0.25,-0.25,-1.5,0.0,-0.28887779116104495,0.5,0
400021531,2026-07-06 01:00:00+00:00,Round of 16,Mexico,England,2,3,-1,-140.53999999999996,0.5,0.0,-0.75,0.25,-0.7071067811865476,0.5,1
400021529,2026-07-06 19:00:00+00:00,Round of 16,Portugal,Spain,0,1,-1,-106.86000000000013,-0.5,0.0,0.5,0.0,0.2896898633027811,-0.5,0
400021534,2026-07-07 00:00:00+00:00,Round of 16,USA,Belgium,1,4,-3,-71.00999999999999,0.25,0.25,0.0,0.25,-1.0542610331827134,0.25,1
400021528,2026-07-07 16:00:00+00:00,Round of 16,Argentina,Egypt,3,2,1,314.9000000000001,1.5,1.25,-0.25,0.0,-0.4330127018922194,0.5,0
400021535,2026-07-07 20:00:00+00:00,Round of 16,Switzerland,Colombia,0,0,0,-48.289999999999964,0.0,1.0,0.5,0.25,0.0,-0.5,0
400021536,2026-07-09 20:00:00+00:00,Quarter-final,France,Morocco,2,0,2,115.60000000000014,0.7999999999999998,0.7999999999999998,-0.4,0.0,-0.28511516695408057,0.19999999999999996,0
400021538,2026-07-10 19:00:00+00:00,Quarter-final,Spain,Belgium,2,1,1,132.47000000000003,0.3999999999999999,-0.8,-1.0,0.0,-0.3850298534292338,0.8,0
400021539,2026-07-11 21:00:00+00:00,Quarter-final,Norway,England,1,2,-1,-270.5799999999999,-0.20000000000000018,0.19999999999999973,0.8,0.19999999999999996,-0.3068460134236033,-0.4,0
400021537,2026-07-12 01:00:00+00:00,Quarter-final,Argentina,Switzerland,3,1,2,227.21000000000004,0.7999999999999998,0.9999999999999998,0.4,0.19999999999999996,-0.9266499161421601,0.0,0
400021541,2026-07-14 19:00:00+00:00,Semi-final,France,Spain,0,2,-2,-4.009999999999991,0.3333333333333335,0.8333333333333333,0.1666666666666667,0.16666666666666663,-0.4009005831343615,-0.16666666666666674,0
400021540,2026-07-15 19:00:00+00:00,Semi-final,England,Argentina,1,2,-1,-49.25,-0.3333333333333335,-0.6666666666666665,0.0,-0.16666666666666663,0.8406736519634547,0.0,0
400021542,2026-07-18 21:00:00+00:00,Bronze final,France,England,4,6,-2,42.680000000000064,0.2857142857142865,0.2857142857142856,-0.5714285714285714,0.0,0.08252452066548588,0.2857142857142857,0
400021543,2026-07-19 19:00:00+00:00,Final,Spain,Argentina,1,0,1,-2.5599999999999454,-0.2857142857142856,-0.8571428571428577,-0.8571428571428572,-0.1428571428571429,0.7936457467018525,0.5714285714285714,0
