match_id,match_date,home_team,away_team,home_elo_before,away_elo_before,elo_rating_difference
400021443,2026-06-11 19:00:00+00:00,Mexico,South Africa,1828.06630192779,1626.8948882945388,201.17141363325118
400021441,2026-06-12 02:00:00+00:00,South Korea,Czechia,1802.8134959640947,1711.5955173854159,91.21797857867887
400021449,2026-06-12 19:00:00+00:00,Canada,Bosnia and Herzegovina,1760.3822728673215,1597.589527631482,162.79274523583945
400021458,2026-06-13 01:00:00+00:00,USA,Paraguay,1774.549563844689,1729.96280733647,44.58675650821897
400021447,2026-06-13 19:00:00+00:00,Qatar,Switzerland,1594.6207132855045,1796.88468533135,-202.26397204584555
400021456,2026-06-13 22:00:00+00:00,Brazil,Morocco,1918.664663427596,1851.06309465902,67.60156876857604
400021453,2026-06-14 01:00:00+00:00,Haiti,Scotland,1584.3259718440877,1699.557312875518,-115.23134103143025
400021463,2026-06-14 04:00:00+00:00,Australia,Türkiye,1766.5804000506078,1792.0379900838184,-25.457590033210636
400021464,2026-06-14 17:00:00+00:00,Germany,Curaçao,1888.3409685185763,1501.884296266181,386.45667225239526
400021470,2026-06-14 20:00:00+00:00,Netherlands,Japan,1872.301560350264,1861.6923990891985,10.609161261065537
400021467,2026-06-14 23:00:00+00:00,Côte d'Ivoire,Ecuador,1730.9661289308046,1826.9017065155385,-95.93557758473389
400021474,2026-06-15 02:00:00+00:00,Sweden,Tunisia,1710.1961740186932,1673.2152533799128,36.98092063878039
400021482,2026-06-15 16:00:00+00:00,Spain,Cabo Verde,1981.4281988074335,1591.275961406209,390.1522374012245
400021478,2026-06-15 19:00:00+00:00,Belgium,Egypt,1849.6295837264518,1727.494916675428,122.13466705102383
400021486,2026-06-15 22:00:00+00:00,Saudi Arabia,Uruguay,1641.3371287723344,1817.2280898668896,-175.89096109455522
400021476,2026-06-16 01:00:00+00:00,Iran,New Zealand,1804.6592597836807,1607.9788332878763,196.68042649580434
400021490,2026-06-16 19:00:00+00:00,France,Senegal,1939.4235327722274,1784.8821504494774,154.54138232275
400021488,2026-06-16 22:00:00+00:00,Iraq,Norway,1681.111377294245,1764.8857778413758,-83.77440054713088
400021496,2026-06-17 01:00:00+00:00,Argentina,Algeria,1988.765218167128,1789.2393057234883,199.52591244363975
400021498,2026-06-17 04:00:00+00:00,Austria,Jordan,1778.6343263473918,1649.0643637347532,129.56996261263862
400021502,2026-06-17 17:00:00+00:00,Portugal,Congo DR,1901.4778535017203,1631.3043908639117,270.1734626378086
400021507,2026-06-17 20:00:00+00:00,England,Croatia,1899.800660764839,1836.9452119062573,62.85544885858167
400021510,2026-06-17 23:00:00+00:00,Ghana,Panama,1571.636067597209,1694.2369964905579,-122.60092889334896
400021504,2026-06-18 02:00:00+00:00,Uzbekistan,Colombia,1716.6220772120625,1883.9943411481281,-167.37226393606556
400021440,2026-06-18 16:00:00+00:00,Czechia,South Africa,1704.162275027106,1622.1144006216496,82.04787440545647
400021446,2026-06-18 19:00:00+00:00,Switzerland,Bosnia and Herzegovina,1791.6423312405664,1601.9598395607884,189.68249167977797
400021450,2026-06-18 22:00:00+00:00,Canada,Qatar,1756.0119609380151,1599.8630673762882,156.14889356172694
400021442,2026-06-19 01:00:00+00:00,Mexico,South Korea,1832.8467896006791,1810.2467383224046,22.600051278274577
400021462,2026-06-19 19:00:00+00:00,USA,Australia,1783.2732526108264,1777.3118198849904,5.961432725835948
400021454,2026-06-19 22:00:00+00:00,Scotland,Morocco,1706.3571750817975,1852.984636217562,-146.6274611357644
400021457,2026-06-20 00:30:00+00:00,Brazil,Haiti,1916.743121869054,1577.526109637808,339.2170122312459
400021460,2026-06-20 03:00:00+00:00,Türkiye,Paraguay,1781.3065702494357,1721.2391185703325,60.067451679103215
400021472,2026-06-20 17:00:00+00:00,Netherlands,Sweden,1871.996299014934,1719.1357790854734,152.86051992946068
400021469,2026-06-20 20:00:00+00:00,Germany,Côte d'Ivoire,1890.2921882420446,1743.6592759793662,146.63291226267847
400021465,2026-06-21 00:00:00+00:00,Ecuador,Curaçao,1814.208559466977,1499.9330765427128,314.2754829242642
400021475,2026-06-21 04:00:00+00:00,Tunisia,Japan,1664.2756483131327,1861.9976604245285,-197.72201211139577
400021483,2026-06-21 16:00:00+00:00,Spain,Saudi Arabia,1973.3422785148455,1646.0073493017373,327.3349292131081
400021477,2026-06-21 19:00:00+00:00,Belgium,Iran,1846.2522502362835,1799.5344269935629,46.71782324272067
400021487,2026-06-21 22:00:00+00:00,Uruguay,Cabo Verde,1812.5578693374866,1599.361881698797,213.19598763868953
400021480,2026-06-22 01:00:00+00:00,New Zealand,Egypt,1613.1036660779941,1730.8722501655961,-117.768584087602
400021494,2026-06-22 17:00:00+00:00,Argentina,Austria,1993.5802495122987,1785.068787094466,208.51146241783272
400021492,2026-06-22 21:00:00+00:00,France,Iraq,1945.2473320477786,1673.4769307575377,271.7704012902409
400021491,2026-06-23 00:00:00+00:00,Norway,Senegal,1772.520224378083,1779.0583511739262,-6.5381267958432545
400021499,2026-06-23 03:00:00+00:00,Jordan,Algeria,1642.629902987679,1784.4242743783177,-141.79437139063862
400021503,2026-06-23 17:00:00+00:00,Portugal,Uzbekistan,1894.9644582638562,1711.0984063822466,183.86605188160956
400021506,2026-06-23 20:00:00+00:00,England,Ghana,1908.0110176643102,1585.0252850413503,322.98573262295986
400021511,2026-06-23 23:00:00+00:00,Panama,Croatia,1680.8477790464165,1828.7348550067861,-147.88707596036966
400021501,2026-06-24 02:00:00+00:00,Colombia,Congo DR,1889.518011977944,1637.817786101776,251.70022587616813
400021448,2026-06-24 19:00:00+00:00,Bosnia and Herzegovina,Qatar,1596.9346269945074,1594.077392633258,2.857234361249539
400021451,2026-06-24 19:00:00+00:00,Switzerland,Canada,1796.6675438068473,1761.7976356810454,34.869908125801885
400021452,2026-06-24 22:00:00+00:00,Morocco,Haiti,1858.9982628902594,1575.0409030880473,283.95735980221207
400021455,2026-06-24 22:00:00+00:00,Scotland,Brazil,1700.3435484091,1919.2283284188147,-218.88478000971463
400021444,2026-06-25 01:00:00+00:00,Czechia,Mexico,1701.8436890398834,1842.1972237394914,-140.35353469960796
400021445,2026-06-25 01:00:00+00:00,South Africa,South Korea,1624.4329866088722,1800.8963041835923,-176.46331757472012
400021466,2026-06-25 20:00:00+00:00,Ecuador,Germany,1807.0234616127275,1896.3056829521436,-89.28222133941608
400021468,2026-06-25 20:00:00+00:00,Curaçao,Côte d'Ivoire,1507.1181743969623,1737.6457812692672,-230.5276068723049
400021471,2026-06-25 23:00:00+00:00,Japan,Sweden,1866.8507560890282,1713.271957784905,153.5787983041232
400021473,2026-06-25 23:00:00+00:00,Tunisia,Netherlands,1659.422552648633,1877.8601203155024,-218.43756766686943
400021459,2026-06-26 02:00:00+00:00,Türkiye,USA,1769.5947120903747,1793.1016856209214,-23.506973530546702
400021461,2026-06-26 02:00:00+00:00,Paraguay,Australia,1732.9509767293935,1767.4833868748954,-34.5324101455019
400021489,2026-06-26 19:00:00+00:00,Norway,France,1782.7083845839893,1948.7075521357308,-165.9991675517415
400021493,2026-06-26 19:00:00+00:00,Senegal,Iraq,1768.8701909680199,1670.0167106695856,98.8534802984343
400021484,2026-06-27 00:00:00+00:00,Uruguay,Spain,1807.0911147077172,1975.9802133284445,-168.88909862072728
400021485,2026-06-27 00:00:00+00:00,Cabo Verde,Saudi Arabia,1604.8286363285665,1643.3694144881383,-38.5407781595718
400021479,2026-06-27 03:00:00+00:00,Egypt,Iran,1737.6067173194701,1800.8710281424264,-63.264310822956304
400021481,2026-06-27 03:00:00+00:00,New Zealand,Belgium,1606.3691989241202,1844.91564908742,-238.54645016329982
400021508,2026-06-27 21:00:00+00:00,Panama,England,1674.864601577173,1900.706815115696,-225.84221353852286
400021509,2026-06-27 21:00:00+00:00,Croatia,Ghana,1834.7180324760295,1592.3294875899646,242.3885448860649
400021500,2026-06-27 23:30:00+00:00,Congo DR,Uzbekistan,1634.014376953486,1705.9461688106128,-71.93179185712688
400021505,2026-06-27 23:30:00+00:00,Colombia,Portugal,1893.321421126234,1900.11669583549,-6.795274709255864
400021495,2026-06-28 02:00:00+00:00,Jordan,Argentina,1636.4986298214071,1998.208727603589,-361.71009778218195
400021497,2026-06-28 02:00:00+00:00,Algeria,Austria,1790.5555475445897,1780.4403090031758,10.115238541413873
400021518,2026-06-28 19:00:00+00:00,South Africa,Canada,1639.1160778865067,1752.7979160044401,-113.68183811793347
400021516,2026-06-29 17:00:00+00:00,Brazil,Japan,1923.6477991060283,1862.6974551953062,60.95034391072204
400021513,2026-06-29 20:30:00+00:00,Germany,Paraguay,1883.7910441992944,1733.9416393427564,149.84940485653806
400021522,2026-06-30 01:00:00+00:00,Netherlands,Morocco,1882.2884605975344,1862.2623139428615,20.026146654672857
400021514,2026-06-30 17:00:00+00:00,Côte d'Ivoire,Norway,1741.8388238002922,1777.1530560304873,-35.3142322301951
400021523,2026-06-30 21:00:00+00:00,France,Sweden,1954.2628806892328,1717.425258678627,236.83762201060586
400021520,2026-07-01 02:00:00+00:00,Mexico,Ecuador,1848.3638170576187,1819.5381003655766,28.82571669204208
400021512,2026-07-01 16:00:00+00:00,England,Congo DR,1904.9899394656677,1646.0556575068745,258.93428195879324
400021525,2026-07-01 20:00:00+00:00,Belgium,Senegal,1848.9577681004268,1776.0993289255348,72.85843917489206
400021524,2026-07-02 00:00:00+00:00,USA,Bosnia and Herzegovina,1782.4261310438876,1606.8523910327951,175.57374001109247
400021519,2026-07-02 19:00:00+00:00,Spain,Austria,1981.4690424423554,1780.7313667403716,200.7376757019838
400021526,2026-07-02 23:00:00+00:00,Portugal,Croatia,1899.9211370424482,1838.689290282493,61.23184675995526
400021527,2026-07-03 03:00:00+00:00,Switzerland,Algeria,1805.6672634834526,1790.2644898073938,15.402773676058814
400021515,2026-07-03 18:00:00+00:00,Australia,Egypt,1766.4927242615324,1739.4077491016021,27.08497515993031
400021521,2026-07-03 22:00:00+00:00,Argentina,Cabo Verde,2000.4255646189197,1605.9334013175946,394.49216330132504
400021517,2026-07-04 01:30:00+00:00,Colombia,Ghana,1893.5169799192759,1588.3582297835012,305.15875013577465
400021530,2026-07-04 17:00:00+00:00,Canada,Morocco,1759.6378661805506,1862.8380752904225,-103.20020910987182
400021533,2026-07-04 21:00:00+00:00,Paraguay,France,1738.005721488352,1958.336818179418,-220.33109669106602
400021532,2026-07-05 20:00:00+00:00,Brazil,Norway,1931.9112847233846,1786.140116616104,145.77116810728057
400021531,2026-07-06 01:00:00+00:00,Mexico,England,1857.5360447010007,1908.666736632306,-51.130691931305364
400021529,2026-07-06 19:00:00+00:00,Portugal,Spain,1908.176765787178,1986.2586189644676,-78.08185317728953
400021534,2026-07-07 00:00:00+00:00,USA,Belgium,1787.763052496187,1856.8909417982368,-69.12788930204988
400021528,2026-07-07 16:00:00+00:00,Argentina,Egypt,2002.2968366401533,1740.1857419670075,262.1110946731458
400021535,2026-07-07 20:00:00+00:00,Switzerland,Colombia,1815.2242262295642,1896.4612256556297,-81.2369994260655
400021536,2026-07-09 20:00:00+00:00,France,Morocco,1962.7276911520044,1869.95211479822,92.77557635378434
400021538,2026-07-10 19:00:00+00:00,Spain,Belgium,1994.048329577912,1864.927127235489,129.12120234242298
400021539,2026-07-11 21:00:00+00:00,Norway,England,1800.1057400577774,1917.2056100924826,-117.09987003470519
400021537,2026-07-12 01:00:00+00:00,Argentina,Switzerland,2005.919073524686,1817.5207161018973,188.39835742278865
400021541,2026-07-14 19:00:00+00:00,France,Spain,1970.1191042498333,2000.4940698064343,-30.374965556600955
400021540,2026-07-15 19:00:00+00:00,England,Argentina,1923.9572827188101,2010.972150416014,-87.01486769720395
400021542,2026-07-18 21:00:00+00:00,France,England,1960.9911453992177,1916.4106888077304,44.58045659148729
400021543,2026-07-19 19:00:00+00:00,Spain,Argentina,2009.62202865705,2018.5187443270938,-8.896715670043932
