match_id,match_date,stage,team_id,team,opponent_id,opponent,home_away,goals_scored,goals_conceded,match_goal_difference,points_earned,win,scored_in_match,clean_sheet,matches_played_before,avg_goals_scored_before,avg_goals_conceded_before,win_rate_before,points_per_match_before,avg_goal_difference_before,scoring_consistency_before,scoring_match_rate_before,clean_sheet_rate_before,first_tournament_match,baseline_avg_goals_scored,baseline_avg_goals_conceded,baseline_win_rate,baseline_points_per_match,baseline_avg_goal_difference,baseline_scoring_consistency,baseline_scoring_match_rate,baseline_clean_sheet_rate,team_fifa_rank,team_fifa_points,opponent_fifa_rank,opponent_fifa_points,opponent_avg_goals_scored_before,opponent_avg_goals_conceded_before,opponent_win_rate_before,opponent_points_per_match_before,opponent_avg_goal_difference_before,opponent_scoring_consistency_before,opponent_scoring_match_rate_before,opponent_clean_sheet_rate_before,opponent_matches_played_before
400021443,2026-06-11 19:00:00+00:00,First Stage,43911,Mexico,43883,South Africa,Home,2,0,2,3,1,1,1,0,1.8,0.4,0.6,2.2,1.4,1.7204650534085253,0.8,0.6,True,1.8,0.4,0.6,2.2,1.4,1.7204650534085253,0.8,0.6,14,1687.48,60,1428.38,0.8,1.0,0.2,1.0,-0.2,0.4,0.8,0.4,0
400021443,2026-06-11 19:00:00+00:00,First Stage,43883,South Africa,43911,Mexico,Away,0,2,-2,0,0,0,0,0,0.8,1.0,0.2,1.0,-0.2,0.4,0.8,0.4,True,0.8,1.0,0.2,1.0,-0.2,0.4,0.8,0.4,60,1428.38,14,1687.48,1.8,0.4,0.6,2.2,1.4,1.7204650534085253,0.8,0.6,0
400021441,2026-06-12 02:00:00+00:00,First Stage,43995,Czechia,43822,Korea Republic,Away,1,2,-1,0,0,1,0,0,2.4,1.6,0.4,1.6,0.8,1.3564659966250536,1.0,0.0,True,2.4,1.6,0.4,1.6,0.8,1.3564659966250536,1.0,0.0,40,1505.74,25,1591.63,1.6,1.2,0.6,1.8,0.4,1.8547236990991405,0.6,0.4,0
400021441,2026-06-12 02:00:00+00:00,First Stage,43822,Korea Republic,43995,Czechia,Home,2,1,1,3,1,1,0,0,1.6,1.2,0.6,1.8,0.4,1.8547236990991405,0.6,0.4,True,1.6,1.2,0.6,1.8,0.4,1.8547236990991405,0.6,0.4,25,1591.63,40,1505.74,2.4,1.6,0.4,1.6,0.8,1.3564659966250536,1.0,0.0,0
400021449,2026-06-12 19:00:00+00:00,First Stage,44037,Bosnia and Herzegovina,43899,Canada,Away,1,1,0,1,0,1,0,0,0.8,0.8,0.0,1.0,0.0,0.4,0.8,0.2,True,0.8,0.8,0.0,1.0,0.0,0.4,0.8,0.2,64,1387.22,30,1559.48,1.4,0.6,0.4,1.8,0.8,0.8,0.8,0.6,0
400021449,2026-06-12 19:00:00+00:00,First Stage,43899,Canada,44037,Bosnia and Herzegovina,Home,1,1,0,1,0,1,0,0,1.4,0.6,0.4,1.8,0.8,0.8,0.8,0.6,True,1.4,0.6,0.4,1.8,0.8,0.8,0.8,0.6,30,1559.48,64,1387.22,0.8,0.8,0.0,1.0,0.0,0.4,0.8,0.2,0
400021458,2026-06-13 01:00:00+00:00,First Stage,43928,Paraguay,43921,USA,Away,1,4,-3,0,0,1,0,0,1.8,1.4,0.6,1.8,0.4,1.1661903789690602,1.0,0.4,True,1.8,1.4,0.6,1.8,0.4,1.1661903789690602,1.0,0.4,41,1505.35,17,1671.23,2.0,2.4,0.4,1.2,-0.4,1.4142135623730951,0.8,0.0,0
400021458,2026-06-13 01:00:00+00:00,First Stage,43921,USA,43928,Paraguay,Home,4,1,3,3,1,1,0,0,2.0,2.4,0.4,1.2,-0.4,1.4142135623730951,0.8,0.0,True,2.0,2.4,0.4,1.2,-0.4,1.4142135623730951,0.8,0.0,17,1671.23,41,1505.35,1.8,1.4,0.6,1.8,0.4,1.1661903789690602,1.0,0.4,0
400021447,2026-06-13 19:00:00+00:00,First Stage,43834,Qatar,43971,Switzerland,Home,1,1,0,1,0,1,0,0,0.2,1.2,0.0,0.4,-1.0,0.4,0.2,0.2,True,0.2,1.2,0.0,0.4,-1.0,0.4,0.2,0.2,56,1450.31,19,1650.06,1.8,1.4,0.2,1.2,0.4,1.469693845669907,0.8,0.2,0
400021447,2026-06-13 19:00:00+00:00,First Stage,43971,Switzerland,43834,Qatar,Away,1,1,0,1,0,1,0,0,1.8,1.4,0.2,1.2,0.4,1.469693845669907,0.8,0.2,True,1.8,1.4,0.2,1.2,0.4,1.469693845669907,0.8,0.2,19,1650.06,56,1450.31,0.2,1.2,0.0,0.4,-1.0,0.4,0.2,0.2,0
400021456,2026-06-13 22:00:00+00:00,First Stage,43924,Brazil,43872,Morocco,Home,1,1,0,1,0,1,0,0,2.6,1.4,0.6,2.0,1.2,1.854723699099141,1.0,0.0,True,2.6,1.4,0.6,2.0,1.2,1.854723699099141,1.0,0.0,6,1765.86,7,1755.1,2.6,0.6,0.6,2.2,2.0,1.624807680927192,1.0,0.4,0
400021456,2026-06-13 22:00:00+00:00,First Stage,43872,Morocco,43924,Brazil,Away,1,1,0,1,0,1,0,0,2.6,0.6,0.6,2.2,2.0,1.624807680927192,1.0,0.4,True,2.6,0.6,0.6,2.2,2.0,1.624807680927192,1.0,0.4,7,1755.1,6,1765.86,2.6,1.4,0.6,2.0,1.2,1.854723699099141,1.0,0.0,0
400021453,2026-06-14 01:00:00+00:00,First Stage,43908,Haiti,43967,Scotland,Home,0,1,-1,0,0,0,0,0,1.2,1.0,0.2,0.8,0.2,1.469693845669907,0.6,0.2,True,1.2,1.0,0.2,0.8,0.2,1.469693845669907,0.6,0.2,83,1293.1,42,1503.34,1.8,0.6,0.6,1.8,1.2,1.833030277982336,0.6,0.4,0
400021453,2026-06-14 01:00:00+00:00,First Stage,43967,Scotland,43908,Haiti,Away,1,0,1,3,1,1,1,0,1.8,0.6,0.6,1.8,1.2,1.833030277982336,0.6,0.4,True,1.8,0.6,0.6,1.8,1.2,1.833030277982336,0.6,0.4,42,1503.34,83,1293.1,1.2,1.0,0.2,0.8,0.2,1.469693845669907,0.6,0.2,0
400021463,2026-06-14 04:00:00+00:00,First Stage,43976,Australia,43972,Türkiye,Home,2,0,2,3,1,1,1,0,1.8,0.6,0.6,2.0,1.2,1.7204650534085253,0.8,0.4,True,1.8,0.6,0.6,2.0,1.2,1.7204650534085253,0.8,0.4,27,1579.34,22,1605.73,1.6,0.6,0.8,2.4,1.0,1.3564659966250536,0.8,0.6,0
400021463,2026-06-14 04:00:00+00:00,First Stage,43972,Türkiye,43976,Australia,Away,0,2,-2,0,0,0,0,0,1.6,0.6,0.8,2.4,1.0,1.3564659966250536,0.8,0.6,True,1.6,0.6,0.8,2.4,1.0,1.3564659966250536,0.8,0.6,22,1605.73,27,1579.34,1.8,0.6,0.6,2.0,1.2,1.7204650534085253,0.8,0.4,0
400021464,2026-06-14 17:00:00+00:00,First Stage,1895293,Curaçao,43948,Germany,Away,1,7,-6,0,0,1,0,0,1.2,2.2,0.2,0.8,-1.0,1.469693845669907,0.6,0.4,True,1.2,2.2,0.2,0.8,-1.0,1.469693845669907,0.6,0.4,82,1294.77,10,1735.77,3.6,1.0,1.0,3.0,2.6,1.4966629547095764,1.0,0.4,0
400021464,2026-06-14 17:00:00+00:00,First Stage,43948,Germany,1895293,Curaçao,Home,7,1,6,3,1,1,0,0,3.6,1.0,1.0,3.0,2.6,1.4966629547095764,1.0,0.4,True,3.6,1.0,1.0,3.0,2.6,1.4966629547095764,1.0,0.4,10,1735.77,82,1294.77,1.2,2.2,0.2,0.8,-1.0,1.469693845669907,0.6,0.4,0
400021470,2026-06-14 20:00:00+00:00,First Stage,43819,Japan,43960,Netherlands,Away,2,2,0,1,0,1,0,0,1.6,0.0,1.0,3.0,1.6,0.8,1.0,1.0,True,1.6,0.0,1.0,3.0,1.6,0.8,1.0,1.0,18,1661.58,8,1753.57,1.8,0.8,0.6,2.0,1.0,1.32664991614216,0.8,0.2,0
400021470,2026-06-14 20:00:00+00:00,First Stage,43960,Netherlands,43819,Japan,Home,2,2,0,1,0,1,0,0,1.8,0.8,0.6,2.0,1.0,1.32664991614216,0.8,0.2,True,1.8,0.8,0.6,2.0,1.0,1.32664991614216,0.8,0.2,8,1753.57,18,1661.58,1.6,0.0,1.0,3.0,1.6,0.8,1.0,1.0,0
400021467,2026-06-14 23:00:00+00:00,First Stage,43854,Côte d'Ivoire,43927,Ecuador,Home,1,0,1,3,1,1,1,0,2.4,0.8,0.8,2.4,1.6,1.019803902718557,1.0,0.6,True,2.4,0.8,0.8,2.4,1.6,1.019803902718557,1.0,0.6,33,1540.87,23,1598.52,1.8,0.6,0.6,2.2,1.2,0.7483314773547882,1.0,0.4,0
400021467,2026-06-14 23:00:00+00:00,First Stage,43927,Ecuador,43854,Côte d'Ivoire,Away,0,1,-1,0,0,0,0,0,1.8,0.6,0.6,2.2,1.2,0.7483314773547882,1.0,0.4,True,1.8,0.6,0.6,2.2,1.2,0.7483314773547882,1.0,0.4,23,1598.52,33,1540.87,2.4,0.8,0.8,2.4,1.6,1.019803902718557,1.0,0.6,0
400021474,2026-06-15 02:00:00+00:00,First Stage,43970,Sweden,43888,Tunisia,Home,5,1,4,3,1,1,0,0,2.8,1.8,0.6,2.0,1.0,1.32664991614216,1.0,0.0,True,2.8,1.8,0.6,2.0,1.0,1.32664991614216,1.0,0.0,38,1509.79,45,1476.41,0.4,2.2,0.2,0.8,-1.8,0.4898979485566356,0.4,0.4,0
400021474,2026-06-15 02:00:00+00:00,First Stage,43888,Tunisia,43970,Sweden,Away,1,5,-4,0,0,1,0,0,0.4,2.2,0.2,0.8,-1.8,0.4898979485566356,0.4,0.4,True,0.4,2.2,0.2,0.8,-1.8,0.4898979485566356,0.4,0.4,45,1476.41,38,1509.79,2.8,1.8,0.6,2.0,1.0,1.32664991614216,1.0,0.0,0
400021482,2026-06-15 16:00:00+00:00,First Stage,43850,Cabo Verde,43969,Spain,Away,0,0,0,1,0,0,1,0,1.4,1.8,0.2,1.0,-0.4,1.0198039027185568,0.8,0.2,True,1.4,1.8,0.2,1.0,-0.4,1.0198039027185568,0.8,0.2,67,1371.11,2,1874.71,1.8,0.8,0.4,1.8,1.0,1.16619037896906,0.8,0.4,0
400021482,2026-06-15 16:00:00+00:00,First Stage,43969,Spain,43850,Cabo Verde,Home,0,0,0,1,0,0,1,0,1.8,0.8,0.4,1.8,1.0,1.16619037896906,0.8,0.4,True,1.8,0.8,0.4,1.8,1.0,1.16619037896906,0.8,0.4,2,1874.71,67,1371.11,1.4,1.8,0.2,1.0,-0.4,1.0198039027185568,0.8,0.2,0
400021478,2026-06-15 19:00:00+00:00,First Stage,43935,Belgium,43855,Egypt,Home,1,1,0,1,0,1,0,0,4.0,0.6,0.8,2.6,3.4,2.1908902300206643,1.0,0.6,True,4.0,0.6,0.8,2.6,3.4,2.1908902300206643,1.0,0.6,9,1742.24,29,1562.37,1.2,0.4,0.4,1.6,0.8,1.4696938456699071,0.6,0.8,0
400021478,2026-06-15 19:00:00+00:00,First Stage,43855,Egypt,43935,Belgium,Away,1,1,0,1,0,1,0,0,1.2,0.4,0.4,1.6,0.8,1.4696938456699071,0.6,0.8,True,1.2,0.4,0.4,1.6,0.8,1.4696938456699071,0.6,0.8,29,1562.37,9,1742.24,4.0,0.6,0.8,2.6,3.4,2.1908902300206643,1.0,0.6,0
400021486,2026-06-15 22:00:00+00:00,First Stage,43835,Saudi Arabia,43930,Uruguay,Home,1,1,0,1,0,1,0,0,1.0,1.6,0.2,0.8,-0.6,1.0954451150103324,0.6,0.4,True,1.0,1.6,0.2,0.8,-0.6,1.0954451150103324,0.6,0.4,61,1423.88,16,1673.07,0.8,1.4,0.2,1.2,-0.6,0.7483314773547882,0.6,0.4,0
400021486,2026-06-15 22:00:00+00:00,First Stage,43930,Uruguay,43835,Saudi Arabia,Away,1,1,0,1,0,1,0,0,0.8,1.4,0.2,1.2,-0.6,0.7483314773547882,0.6,0.4,True,0.8,1.4,0.2,1.2,-0.6,0.7483314773547882,0.6,0.4,16,1673.07,61,1423.88,1.0,1.6,0.2,0.8,-0.6,1.0954451150103324,0.6,0.4,0
400021476,2026-06-16 01:00:00+00:00,First Stage,43817,IR Iran,43978,New Zealand,Home,2,2,0,1,0,1,0,0,2.6,1.0,0.6,2.0,1.6,1.3564659966250536,1.0,0.4,True,2.6,1.0,0.6,2.0,1.6,1.3564659966250536,1.0,0.4,20,1619.58,85,1275.58,1.2,2.0,0.2,0.8,-0.8,1.6,0.4,0.0,0
400021476,2026-06-16 01:00:00+00:00,First Stage,43978,New Zealand,43817,IR Iran,Away,2,2,0,1,0,1,0,0,1.2,2.0,0.2,0.8,-0.8,1.6,0.4,0.0,True,1.2,2.0,0.2,0.8,-0.8,1.6,0.4,0.0,85,1275.58,20,1619.58,2.6,1.0,0.6,2.0,1.6,1.3564659966250536,1.0,0.4,0
400021490,2026-06-16 19:00:00+00:00,First Stage,43946,France,43879,Senegal,Home,3,1,2,3,1,1,0,0,2.4,1.2,0.8,2.4,1.2,0.8,1.0,0.0,True,2.4,1.2,0.8,2.4,1.2,0.8,1.0,0.0,3,1870.7,15,1684.07,1.4,1.4,0.4,1.4,0.0,1.2,0.6,0.4,0
400021490,2026-06-16 19:00:00+00:00,First Stage,43879,Senegal,43946,France,Away,1,3,-2,0,0,1,0,0,1.4,1.4,0.4,1.4,0.0,1.2,0.6,0.4,True,1.4,1.4,0.4,1.4,0.0,1.2,0.6,0.4,15,1684.07,3,1870.7,2.4,1.2,0.8,2.4,1.2,0.8,1.0,0.0,0
400021488,2026-06-16 22:00:00+00:00,First Stage,43818,Iraq,43961,Norway,Home,1,4,-3,0,0,1,0,0,0.8,1.0,0.4,1.4,-0.2,0.7483314773547882,0.6,0.2,True,0.8,1.0,0.4,1.4,-0.2,0.7483314773547882,0.6,0.2,57,1446.28,31,1557.44,1.8,1.0,0.4,1.6,0.8,1.469693845669907,0.8,0.2,0
400021488,2026-06-16 22:00:00+00:00,First Stage,43961,Norway,43818,Iraq,Away,4,1,3,3,1,1,0,0,1.8,1.0,0.4,1.6,0.8,1.469693845669907,0.8,0.2,True,1.8,1.0,0.4,1.6,0.8,1.469693845669907,0.8,0.2,31,1557.44,57,1446.28,0.8,1.0,0.4,1.4,-0.2,0.7483314773547882,0.6,0.2,0
400021496,2026-06-17 01:00:00+00:00,First Stage,43843,Algeria,43922,Argentina,Away,0,3,-3,0,0,0,0,0,2.4,0.6,0.6,2.0,1.8,2.727636339397171,0.6,0.8,True,2.4,0.6,0.6,2.0,1.8,2.727636339397171,0.6,0.8,28,1571.03,1,1877.27,3.0,0.2,1.0,3.0,2.8,1.095445115010332,1.0,0.8,0
400021496,2026-06-17 01:00:00+00:00,First Stage,43922,Argentina,43843,Algeria,Home,3,0,3,3,1,1,1,0,3.0,0.2,1.0,3.0,2.8,1.095445115010332,1.0,0.8,True,3.0,0.2,1.0,3.0,2.8,1.095445115010332,1.0,0.8,1,1877.27,28,1571.03,2.4,0.6,0.6,2.0,1.8,2.727636339397171,0.6,0.8,0
400021498,2026-06-17 04:00:00+00:00,First Stage,43934,Austria,43820,Jordan,Home,3,1,2,3,1,1,0,0,2.2,0.6,0.8,2.6,1.6,1.6,1.0,0.4,True,2.2,0.6,0.8,2.6,1.6,1.6,1.0,0.4,24,1597.4,63,1387.74,1.2,2.6,0.0,0.4,-1.4,0.7483314773547882,0.8,0.0,0
400021498,2026-06-17 04:00:00+00:00,First Stage,43820,Jordan,43934,Austria,Away,1,3,-2,0,0,1,0,0,1.2,2.6,0.0,0.4,-1.4,0.7483314773547882,0.8,0.0,True,1.2,2.6,0.0,0.4,-1.4,0.7483314773547882,0.8,0.0,63,1387.74,24,1597.4,2.2,0.6,0.8,2.6,1.6,1.6,1.0,0.4,0
400021502,2026-06-17 17:00:00+00:00,First Stage,20014,Congo DR,43963,Portugal,Away,1,1,0,1,0,1,0,0,0.8,0.6,0.4,1.4,0.2,0.7483314773547882,0.6,0.6,True,0.8,0.6,0.4,1.4,0.2,0.7483314773547882,0.6,0.6,46,1474.43,5,1767.85,3.0,0.6,0.8,2.6,2.4,3.0983866769659336,0.8,0.4,0
400021502,2026-06-17 17:00:00+00:00,First Stage,43963,Portugal,20014,Congo DR,Home,1,1,0,1,0,1,0,0,3.0,0.6,0.8,2.6,2.4,3.0983866769659336,0.8,0.4,True,3.0,0.6,0.8,2.6,2.4,3.0983866769659336,0.8,0.4,5,1767.85,46,1474.43,0.8,0.6,0.4,1.4,0.2,0.7483314773547882,0.6,0.6,0
400021507,2026-06-17 20:00:00+00:00,First Stage,43938,Croatia,43942,England,Away,2,4,-2,0,0,1,0,0,1.6,1.8,0.6,1.8,-0.2,1.019803902718557,0.8,0.0,True,1.6,1.8,0.6,1.8,-0.2,1.019803902718557,0.8,0.0,11,1714.87,4,1828.02,1.4,0.4,0.6,2.0,1.0,1.019803902718557,0.8,0.6,0
400021507,2026-06-17 20:00:00+00:00,First Stage,43942,England,43938,Croatia,Home,4,2,2,3,1,1,0,0,1.4,0.4,0.6,2.0,1.0,1.019803902718557,0.8,0.6,True,1.4,0.4,0.6,2.0,1.0,1.019803902718557,0.8,0.6,4,1828.02,11,1714.87,1.6,1.8,0.6,1.8,-0.2,1.019803902718557,0.8,0.0,0
400021510,2026-06-17 23:00:00+00:00,First Stage,43860,Ghana,43914,Panama,Home,1,0,1,3,1,1,1,0,0.6,2.2,0.0,0.2,-1.6,0.4898979485566356,0.6,0.0,True,0.6,2.2,0.0,0.2,-1.6,0.4898979485566356,0.6,0.0,73,1346.88,34,1539.16,2.0,2.2,0.4,1.6,-0.2,1.095445115010332,1.0,0.0,0
400021510,2026-06-17 23:00:00+00:00,First Stage,43914,Panama,43860,Ghana,Away,0,1,-1,0,0,0,0,0,2.0,2.2,0.4,1.6,-0.2,1.095445115010332,1.0,0.0,True,2.0,2.2,0.4,1.6,-0.2,1.095445115010332,1.0,0.0,34,1539.16,73,1346.88,0.6,2.2,0.0,0.2,-1.6,0.4898979485566356,0.6,0.0,0
400021504,2026-06-18 02:00:00+00:00,First Stage,43926,Colombia,44005,Uzbekistan,Away,3,1,2,3,1,1,0,0,2.0,1.4,0.6,1.8,0.6,0.8944271909999159,1.0,0.2,True,2.0,1.4,0.6,1.8,0.6,0.8944271909999159,1.0,0.2,13,1698.35,50,1458.73,1.0,1.6,0.2,0.8,-0.6,1.095445115010332,0.6,0.2,0
400021504,2026-06-18 02:00:00+00:00,First Stage,44005,Uzbekistan,43926,Colombia,Home,1,3,-2,0,0,1,0,0,1.0,1.6,0.2,0.8,-0.6,1.095445115010332,0.6,0.2,True,1.0,1.6,0.2,0.8,-0.6,1.095445115010332,0.6,0.2,50,1458.73,13,1698.35,2.0,1.4,0.6,1.8,0.6,0.8944271909999159,1.0,0.2,0
400021440,2026-06-18 16:00:00+00:00,First Stage,43995,Czechia,43883,South Africa,Home,1,1,0,1,0,1,0,1,1.0,2.0,0.0,0.0,-1.0,0.0,1.0,0.0,False,2.4,1.6,0.4,1.6,0.8,1.3564659966250536,1.0,0.0,40,1505.74,60,1428.38,0.0,2.0,0.0,0.0,-2.0,0.0,0.0,0.0,1
400021440,2026-06-18 16:00:00+00:00,First Stage,43883,South Africa,43995,Czechia,Away,1,1,0,1,0,1,0,1,0.0,2.0,0.0,0.0,-2.0,0.0,0.0,0.0,False,0.8,1.0,0.2,1.0,-0.2,0.4,0.8,0.4,60,1428.38,40,1505.74,1.0,2.0,0.0,0.0,-1.0,0.0,1.0,0.0,1
400021446,2026-06-18 19:00:00+00:00,First Stage,44037,Bosnia and Herzegovina,43971,Switzerland,Away,1,4,-3,0,0,1,0,1,1.0,1.0,0.0,1.0,0.0,0.0,1.0,0.0,False,0.8,0.8,0.0,1.0,0.0,0.4,0.8,0.2,64,1387.22,19,1650.06,1.0,1.0,0.0,1.0,0.0,0.0,1.0,0.0,1
400021446,2026-06-18 19:00:00+00:00,First Stage,43971,Switzerland,44037,Bosnia and Herzegovina,Home,4,1,3,3,1,1,0,1,1.0,1.0,0.0,1.0,0.0,0.0,1.0,0.0,False,1.8,1.4,0.2,1.2,0.4,1.469693845669907,0.8,0.2,19,1650.06,64,1387.22,1.0,1.0,0.0,1.0,0.0,0.0,1.0,0.0,1
400021450,2026-06-18 22:00:00+00:00,First Stage,43899,Canada,43834,Qatar,Home,6,0,6,3,1,1,1,1,1.0,1.0,0.0,1.0,0.0,0.0,1.0,0.0,False,1.4,0.6,0.4,1.8,0.8,0.8,0.8,0.6,30,1559.48,56,1450.31,1.0,1.0,0.0,1.0,0.0,0.0,1.0,0.0,1
400021450,2026-06-18 22:00:00+00:00,First Stage,43834,Qatar,43899,Canada,Away,0,6,-6,0,0,0,0,1,1.0,1.0,0.0,1.0,0.0,0.0,1.0,0.0,False,0.2,1.2,0.0,0.4,-1.0,0.4,0.2,0.2,56,1450.31,30,1559.48,1.0,1.0,0.0,1.0,0.0,0.0,1.0,0.0,1
400021442,2026-06-19 01:00:00+00:00,First Stage,43822,Korea Republic,43911,Mexico,Away,0,1,-1,0,0,0,0,1,2.0,1.0,1.0,3.0,1.0,0.0,1.0,0.0,False,1.6,1.2,0.6,1.8,0.4,1.8547236990991405,0.6,0.4,25,1591.63,14,1687.48,2.0,0.0,1.0,3.0,2.0,0.0,1.0,1.0,1
400021442,2026-06-19 01:00:00+00:00,First Stage,43911,Mexico,43822,Korea Republic,Home,1,0,1,3,1,1,1,1,2.0,0.0,1.0,3.0,2.0,0.0,1.0,1.0,False,1.8,0.4,0.6,2.2,1.4,1.7204650534085253,0.8,0.6,14,1687.48,25,1591.63,2.0,1.0,1.0,3.0,1.0,0.0,1.0,0.0,1
400021462,2026-06-19 19:00:00+00:00,First Stage,43976,Australia,43921,USA,Away,0,2,-2,0,0,0,0,1,2.0,0.0,1.0,3.0,2.0,0.0,1.0,1.0,False,1.8,0.6,0.6,2.0,1.2,1.7204650534085253,0.8,0.4,27,1579.34,17,1671.23,4.0,1.0,1.0,3.0,3.0,0.0,1.0,0.0,1
400021462,2026-06-19 19:00:00+00:00,First Stage,43921,USA,43976,Australia,Home,2,0,2,3,1,1,1,1,4.0,1.0,1.0,3.0,3.0,0.0,1.0,0.0,False,2.0,2.4,0.4,1.2,-0.4,1.4142135623730951,0.8,0.0,17,1671.23,27,1579.34,2.0,0.0,1.0,3.0,2.0,0.0,1.0,1.0,1
400021454,2026-06-19 22:00:00+00:00,First Stage,43872,Morocco,43967,Scotland,Away,1,0,1,3,1,1,1,1,1.0,1.0,0.0,1.0,0.0,0.0,1.0,0.0,False,2.6,0.6,0.6,2.2,2.0,1.624807680927192,1.0,0.4,7,1755.1,42,1503.34,1.0,0.0,1.0,3.0,1.0,0.0,1.0,1.0,1
400021454,2026-06-19 22:00:00+00:00,First Stage,43967,Scotland,43872,Morocco,Home,0,1,-1,0,0,0,0,1,1.0,0.0,1.0,3.0,1.0,0.0,1.0,1.0,False,1.8,0.6,0.6,1.8,1.2,1.833030277982336,0.6,0.4,42,1503.34,7,1755.1,1.0,1.0,0.0,1.0,0.0,0.0,1.0,0.0,1
400021457,2026-06-20 00:30:00+00:00,First Stage,43924,Brazil,43908,Haiti,Home,3,0,3,3,1,1,1,1,1.0,1.0,0.0,1.0,0.0,0.0,1.0,0.0,False,2.6,1.4,0.6,2.0,1.2,1.854723699099141,1.0,0.0,6,1765.86,83,1293.1,0.0,1.0,0.0,0.0,-1.0,0.0,0.0,0.0,1
400021457,2026-06-20 00:30:00+00:00,First Stage,43908,Haiti,43924,Brazil,Away,0,3,-3,0,0,0,0,1,0.0,1.0,0.0,0.0,-1.0,0.0,0.0,0.0,False,1.2,1.0,0.2,0.8,0.2,1.469693845669907,0.6,0.2,83,1293.1,6,1765.86,1.0,1.0,0.0,1.0,0.0,0.0,1.0,0.0,1
400021460,2026-06-20 03:00:00+00:00,First Stage,43928,Paraguay,43972,Türkiye,Away,1,0,1,3,1,1,1,1,1.0,4.0,0.0,0.0,-3.0,0.0,1.0,0.0,False,1.8,1.4,0.6,1.8,0.4,1.1661903789690602,1.0,0.4,41,1505.35,22,1605.73,0.0,2.0,0.0,0.0,-2.0,0.0,0.0,0.0,1
400021460,2026-06-20 03:00:00+00:00,First Stage,43972,Türkiye,43928,Paraguay,Home,0,1,-1,0,0,0,0,1,0.0,2.0,0.0,0.0,-2.0,0.0,0.0,0.0,False,1.6,0.6,0.8,2.4,1.0,1.3564659966250536,0.8,0.6,22,1605.73,41,1505.35,1.0,4.0,0.0,0.0,-3.0,0.0,1.0,0.0,1
400021472,2026-06-20 17:00:00+00:00,First Stage,43960,Netherlands,43970,Sweden,Home,5,1,4,3,1,1,0,1,2.0,2.0,0.0,1.0,0.0,0.0,1.0,0.0,False,1.8,0.8,0.6,2.0,1.0,1.32664991614216,0.8,0.2,8,1753.57,38,1509.79,5.0,1.0,1.0,3.0,4.0,0.0,1.0,0.0,1
400021472,2026-06-20 17:00:00+00:00,First Stage,43970,Sweden,43960,Netherlands,Away,1,5,-4,0,0,1,0,1,5.0,1.0,1.0,3.0,4.0,0.0,1.0,0.0,False,2.8,1.8,0.6,2.0,1.0,1.32664991614216,1.0,0.0,38,1509.79,8,1753.57,2.0,2.0,0.0,1.0,0.0,0.0,1.0,0.0,1
400021469,2026-06-20 20:00:00+00:00,First Stage,43854,Côte d'Ivoire,43948,Germany,Away,1,2,-1,0,0,1,0,1,1.0,0.0,1.0,3.0,1.0,0.0,1.0,1.0,False,2.4,0.8,0.8,2.4,1.6,1.019803902718557,1.0,0.6,33,1540.87,10,1735.77,7.0,1.0,1.0,3.0,6.0,0.0,1.0,0.0,1
400021469,2026-06-20 20:00:00+00:00,First Stage,43948,Germany,43854,Côte d'Ivoire,Home,2,1,1,3,1,1,0,1,7.0,1.0,1.0,3.0,6.0,0.0,1.0,0.0,False,3.6,1.0,1.0,3.0,2.6,1.4966629547095764,1.0,0.4,10,1735.77,33,1540.87,1.0,0.0,1.0,3.0,1.0,0.0,1.0,1.0,1
400021465,2026-06-21 00:00:00+00:00,First Stage,1895293,Curaçao,43927,Ecuador,Away,0,0,0,1,0,0,1,1,1.0,7.0,0.0,0.0,-6.0,0.0,1.0,0.0,False,1.2,2.2,0.2,0.8,-1.0,1.469693845669907,0.6,0.4,82,1294.77,23,1598.52,0.0,1.0,0.0,0.0,-1.0,0.0,0.0,0.0,1
400021465,2026-06-21 00:00:00+00:00,First Stage,43927,Ecuador,1895293,Curaçao,Home,0,0,0,1,0,0,1,1,0.0,1.0,0.0,0.0,-1.0,0.0,0.0,0.0,False,1.8,0.6,0.6,2.2,1.2,0.7483314773547882,1.0,0.4,23,1598.52,82,1294.77,1.0,7.0,0.0,0.0,-6.0,0.0,1.0,0.0,1
400021475,2026-06-21 04:00:00+00:00,First Stage,43819,Japan,43888,Tunisia,Away,4,0,4,3,1,1,1,1,2.0,2.0,0.0,1.0,0.0,0.0,1.0,0.0,False,1.6,0.0,1.0,3.0,1.6,0.8,1.0,1.0,18,1661.58,45,1476.41,1.0,5.0,0.0,0.0,-4.0,0.0,1.0,0.0,1
400021475,2026-06-21 04:00:00+00:00,First Stage,43888,Tunisia,43819,Japan,Home,0,4,-4,0,0,0,0,1,1.0,5.0,0.0,0.0,-4.0,0.0,1.0,0.0,False,0.4,2.2,0.2,0.8,-1.8,0.4898979485566356,0.4,0.4,45,1476.41,18,1661.58,2.0,2.0,0.0,1.0,0.0,0.0,1.0,0.0,1
400021483,2026-06-21 16:00:00+00:00,First Stage,43835,Saudi Arabia,43969,Spain,Away,0,4,-4,0,0,0,0,1,1.0,1.0,0.0,1.0,0.0,0.0,1.0,0.0,False,1.0,1.6,0.2,0.8,-0.6,1.0954451150103324,0.6,0.4,61,1423.88,2,1874.71,0.0,0.0,0.0,1.0,0.0,0.0,0.0,1.0,1
400021483,2026-06-21 16:00:00+00:00,First Stage,43969,Spain,43835,Saudi Arabia,Home,4,0,4,3,1,1,1,1,0.0,0.0,0.0,1.0,0.0,0.0,0.0,1.0,False,1.8,0.8,0.4,1.8,1.0,1.16619037896906,0.8,0.4,2,1874.71,61,1423.88,1.0,1.0,0.0,1.0,0.0,0.0,1.0,0.0,1
400021477,2026-06-21 19:00:00+00:00,First Stage,43935,Belgium,43817,IR Iran,Home,0,0,0,1,0,0,1,1,1.0,1.0,0.0,1.0,0.0,0.0,1.0,0.0,False,4.0,0.6,0.8,2.6,3.4,2.1908902300206643,1.0,0.6,9,1742.24,20,1619.58,2.0,2.0,0.0,1.0,0.0,0.0,1.0,0.0,1
400021477,2026-06-21 19:00:00+00:00,First Stage,43817,IR Iran,43935,Belgium,Away,0,0,0,1,0,0,1,1,2.0,2.0,0.0,1.0,0.0,0.0,1.0,0.0,False,2.6,1.0,0.6,2.0,1.6,1.3564659966250536,1.0,0.4,20,1619.58,9,1742.24,1.0,1.0,0.0,1.0,0.0,0.0,1.0,0.0,1
400021487,2026-06-21 22:00:00+00:00,First Stage,43850,Cabo Verde,43930,Uruguay,Away,2,2,0,1,0,1,0,1,0.0,0.0,0.0,1.0,0.0,0.0,0.0,1.0,False,1.4,1.8,0.2,1.0,-0.4,1.0198039027185568,0.8,0.2,67,1371.11,16,1673.07,1.0,1.0,0.0,1.0,0.0,0.0,1.0,0.0,1
400021487,2026-06-21 22:00:00+00:00,First Stage,43930,Uruguay,43850,Cabo Verde,Home,2,2,0,1,0,1,0,1,1.0,1.0,0.0,1.0,0.0,0.0,1.0,0.0,False,0.8,1.4,0.2,1.2,-0.6,0.7483314773547882,0.6,0.4,16,1673.07,67,1371.11,0.0,0.0,0.0,1.0,0.0,0.0,0.0,1.0,1
400021480,2026-06-22 01:00:00+00:00,First Stage,43855,Egypt,43978,New Zealand,Away,3,1,2,3,1,1,0,1,1.0,1.0,0.0,1.0,0.0,0.0,1.0,0.0,False,1.2,0.4,0.4,1.6,0.8,1.4696938456699071,0.6,0.8,29,1562.37,85,1275.58,2.0,2.0,0.0,1.0,0.0,0.0,1.0,0.0,1
400021480,2026-06-22 01:00:00+00:00,First Stage,43978,New Zealand,43855,Egypt,Home,1,3,-2,0,0,1,0,1,2.0,2.0,0.0,1.0,0.0,0.0,1.0,0.0,False,1.2,2.0,0.2,0.8,-0.8,1.6,0.4,0.0,85,1275.58,29,1562.37,1.0,1.0,0.0,1.0,0.0,0.0,1.0,0.0,1
400021494,2026-06-22 17:00:00+00:00,First Stage,43922,Argentina,43934,Austria,Home,2,0,2,3,1,1,1,1,3.0,0.0,1.0,3.0,3.0,0.0,1.0,1.0,False,3.0,0.2,1.0,3.0,2.8,1.095445115010332,1.0,0.8,1,1877.27,24,1597.4,3.0,1.0,1.0,3.0,2.0,0.0,1.0,0.0,1
400021494,2026-06-22 17:00:00+00:00,First Stage,43934,Austria,43922,Argentina,Away,0,2,-2,0,0,0,0,1,3.0,1.0,1.0,3.0,2.0,0.0,1.0,0.0,False,2.2,0.6,0.8,2.6,1.6,1.6,1.0,0.4,24,1597.4,1,1877.27,3.0,0.0,1.0,3.0,3.0,0.0,1.0,1.0,1
400021492,2026-06-22 21:00:00+00:00,First Stage,43946,France,43818,Iraq,Home,3,0,3,3,1,1,1,1,3.0,1.0,1.0,3.0,2.0,0.0,1.0,0.0,False,2.4,1.2,0.8,2.4,1.2,0.8,1.0,0.0,3,1870.7,57,1446.28,1.0,4.0,0.0,0.0,-3.0,0.0,1.0,0.0,1
400021492,2026-06-22 21:00:00+00:00,First Stage,43818,Iraq,43946,France,Away,0,3,-3,0,0,0,0,1,1.0,4.0,0.0,0.0,-3.0,0.0,1.0,0.0,False,0.8,1.0,0.4,1.4,-0.2,0.7483314773547882,0.6,0.2,57,1446.28,3,1870.7,3.0,1.0,1.0,3.0,2.0,0.0,1.0,0.0,1
400021491,2026-06-23 00:00:00+00:00,First Stage,43961,Norway,43879,Senegal,Home,3,2,1,3,1,1,0,1,4.0,1.0,1.0,3.0,3.0,0.0,1.0,0.0,False,1.8,1.0,0.4,1.6,0.8,1.469693845669907,0.8,0.2,31,1557.44,15,1684.07,1.0,3.0,0.0,0.0,-2.0,0.0,1.0,0.0,1
400021491,2026-06-23 00:00:00+00:00,First Stage,43879,Senegal,43961,Norway,Away,2,3,-1,0,0,1,0,1,1.0,3.0,0.0,0.0,-2.0,0.0,1.0,0.0,False,1.4,1.4,0.4,1.4,0.0,1.2,0.6,0.4,15,1684.07,31,1557.44,4.0,1.0,1.0,3.0,3.0,0.0,1.0,0.0,1
400021499,2026-06-23 03:00:00+00:00,First Stage,43843,Algeria,43820,Jordan,Away,2,1,1,3,1,1,0,1,0.0,3.0,0.0,0.0,-3.0,0.0,0.0,0.0,False,2.4,0.6,0.6,2.0,1.8,2.727636339397171,0.6,0.8,28,1571.03,63,1387.74,1.0,3.0,0.0,0.0,-2.0,0.0,1.0,0.0,1
400021499,2026-06-23 03:00:00+00:00,First Stage,43820,Jordan,43843,Algeria,Home,1,2,-1,0,0,1,0,1,1.0,3.0,0.0,0.0,-2.0,0.0,1.0,0.0,False,1.2,2.6,0.0,0.4,-1.4,0.7483314773547882,0.8,0.0,63,1387.74,28,1571.03,0.0,3.0,0.0,0.0,-3.0,0.0,0.0,0.0,1
400021503,2026-06-23 17:00:00+00:00,First Stage,43963,Portugal,44005,Uzbekistan,Home,5,0,5,3,1,1,1,1,1.0,1.0,0.0,1.0,0.0,0.0,1.0,0.0,False,3.0,0.6,0.8,2.6,2.4,3.0983866769659336,0.8,0.4,5,1767.85,50,1458.73,1.0,3.0,0.0,0.0,-2.0,0.0,1.0,0.0,1
400021503,2026-06-23 17:00:00+00:00,First Stage,44005,Uzbekistan,43963,Portugal,Away,0,5,-5,0,0,0,0,1,1.0,3.0,0.0,0.0,-2.0,0.0,1.0,0.0,False,1.0,1.6,0.2,0.8,-0.6,1.095445115010332,0.6,0.2,50,1458.73,5,1767.85,1.0,1.0,0.0,1.0,0.0,0.0,1.0,0.0,1
400021506,2026-06-23 20:00:00+00:00,First Stage,43942,England,43860,Ghana,Home,0,0,0,1,0,0,1,1,4.0,2.0,1.0,3.0,2.0,0.0,1.0,0.0,False,1.4,0.4,0.6,2.0,1.0,1.019803902718557,0.8,0.6,4,1828.02,73,1346.88,1.0,0.0,1.0,3.0,1.0,0.0,1.0,1.0,1
400021506,2026-06-23 20:00:00+00:00,First Stage,43860,Ghana,43942,England,Away,0,0,0,1,0,0,1,1,1.0,0.0,1.0,3.0,1.0,0.0,1.0,1.0,False,0.6,2.2,0.0,0.2,-1.6,0.4898979485566356,0.6,0.0,73,1346.88,4,1828.02,4.0,2.0,1.0,3.0,2.0,0.0,1.0,0.0,1
400021511,2026-06-23 23:00:00+00:00,First Stage,43938,Croatia,43914,Panama,Away,1,0,1,3,1,1,1,1,2.0,4.0,0.0,0.0,-2.0,0.0,1.0,0.0,False,1.6,1.8,0.6,1.8,-0.2,1.019803902718557,0.8,0.0,11,1714.87,34,1539.16,0.0,1.0,0.0,0.0,-1.0,0.0,0.0,0.0,1
400021511,2026-06-23 23:00:00+00:00,First Stage,43914,Panama,43938,Croatia,Home,0,1,-1,0,0,0,0,1,0.0,1.0,0.0,0.0,-1.0,0.0,0.0,0.0,False,2.0,2.2,0.4,1.6,-0.2,1.095445115010332,1.0,0.0,34,1539.16,11,1714.87,2.0,4.0,0.0,0.0,-2.0,0.0,1.0,0.0,1
400021501,2026-06-24 02:00:00+00:00,First Stage,43926,Colombia,20014,Congo DR,Home,1,0,1,3,1,1,1,1,3.0,1.0,1.0,3.0,2.0,0.0,1.0,0.0,False,2.0,1.4,0.6,1.8,0.6,0.8944271909999159,1.0,0.2,13,1698.35,46,1474.43,1.0,1.0,0.0,1.0,0.0,0.0,1.0,0.0,1
400021501,2026-06-24 02:00:00+00:00,First Stage,20014,Congo DR,43926,Colombia,Away,0,1,-1,0,0,0,0,1,1.0,1.0,0.0,1.0,0.0,0.0,1.0,0.0,False,0.8,0.6,0.4,1.4,0.2,0.7483314773547882,0.6,0.6,46,1474.43,13,1698.35,3.0,1.0,1.0,3.0,2.0,0.0,1.0,0.0,1
400021448,2026-06-24 19:00:00+00:00,First Stage,44037,Bosnia and Herzegovina,43834,Qatar,Home,3,1,2,3,1,1,0,2,1.0,2.5,0.0,0.5,-1.5,0.0,1.0,0.0,False,0.8,0.8,0.0,1.0,0.0,0.4,0.8,0.2,64,1387.22,56,1450.31,0.5,3.5,0.0,0.5,-3.0,0.5,0.5,0.0,2
400021448,2026-06-24 19:00:00+00:00,First Stage,43834,Qatar,44037,Bosnia and Herzegovina,Away,1,3,-2,0,0,1,0,2,0.5,3.5,0.0,0.5,-3.0,0.5,0.5,0.0,False,0.2,1.2,0.0,0.4,-1.0,0.4,0.2,0.2,56,1450.31,64,1387.22,1.0,2.5,0.0,0.5,-1.5,0.0,1.0,0.0,2
400021451,2026-06-24 19:00:00+00:00,First Stage,43899,Canada,43971,Switzerland,Away,1,2,-1,0,0,1,0,2,3.5,0.5,0.5,2.0,3.0,2.5,1.0,0.5,False,1.4,0.6,0.4,1.8,0.8,0.8,0.8,0.6,30,1559.48,19,1650.06,2.5,1.0,0.5,2.0,1.5,1.5,1.0,0.0,2
400021451,2026-06-24 19:00:00+00:00,First Stage,43971,Switzerland,43899,Canada,Home,2,1,1,3,1,1,0,2,2.5,1.0,0.5,2.0,1.5,1.5,1.0,0.0,False,1.8,1.4,0.2,1.2,0.4,1.469693845669907,0.8,0.2,19,1650.06,30,1559.48,3.5,0.5,0.5,2.0,3.0,2.5,1.0,0.5,2
400021452,2026-06-24 22:00:00+00:00,First Stage,43908,Haiti,43872,Morocco,Away,2,4,-2,0,0,1,0,2,0.0,2.0,0.0,0.0,-2.0,0.0,0.0,0.0,False,1.2,1.0,0.2,0.8,0.2,1.469693845669907,0.6,0.2,83,1293.1,7,1755.1,1.0,0.5,0.5,2.0,0.5,0.0,1.0,0.5,2
400021452,2026-06-24 22:00:00+00:00,First Stage,43872,Morocco,43908,Haiti,Home,4,2,2,3,1,1,0,2,1.0,0.5,0.5,2.0,0.5,0.0,1.0,0.5,False,2.6,0.6,0.6,2.2,2.0,1.624807680927192,1.0,0.4,7,1755.1,83,1293.1,0.0,2.0,0.0,0.0,-2.0,0.0,0.0,0.0,2
400021455,2026-06-24 22:00:00+00:00,First Stage,43924,Brazil,43967,Scotland,Away,3,0,3,3,1,1,1,2,2.0,0.5,0.5,2.0,1.5,1.0,1.0,0.5,False,2.6,1.4,0.6,2.0,1.2,1.854723699099141,1.0,0.0,6,1765.86,42,1503.34,0.5,0.5,0.5,1.5,0.0,0.5,0.5,0.5,2
400021455,2026-06-24 22:00:00+00:00,First Stage,43967,Scotland,43924,Brazil,Home,0,3,-3,0,0,0,0,2,0.5,0.5,0.5,1.5,0.0,0.5,0.5,0.5,False,1.8,0.6,0.6,1.8,1.2,1.833030277982336,0.6,0.4,42,1503.34,6,1765.86,2.0,0.5,0.5,2.0,1.5,1.0,1.0,0.5,2
400021444,2026-06-25 01:00:00+00:00,First Stage,43995,Czechia,43911,Mexico,Home,0,3,-3,0,0,0,0,2,1.0,1.5,0.0,0.5,-0.5,0.0,1.0,0.0,False,2.4,1.6,0.4,1.6,0.8,1.3564659966250536,1.0,0.0,40,1505.74,14,1687.48,1.5,0.0,1.0,3.0,1.5,0.5,1.0,1.0,2
400021444,2026-06-25 01:00:00+00:00,First Stage,43911,Mexico,43995,Czechia,Away,3,0,3,3,1,1,1,2,1.5,0.0,1.0,3.0,1.5,0.5,1.0,1.0,False,1.8,0.4,0.6,2.2,1.4,1.7204650534085253,0.8,0.6,14,1687.48,40,1505.74,1.0,1.5,0.0,0.5,-0.5,0.0,1.0,0.0,2
400021445,2026-06-25 01:00:00+00:00,First Stage,43822,Korea Republic,43883,South Africa,Away,0,1,-1,0,0,0,0,2,1.0,1.0,0.5,1.5,0.0,1.0,0.5,0.0,False,1.6,1.2,0.6,1.8,0.4,1.8547236990991405,0.6,0.4,25,1591.63,60,1428.38,0.5,1.5,0.0,0.5,-1.0,0.5,0.5,0.0,2
400021445,2026-06-25 01:00:00+00:00,First Stage,43883,South Africa,43822,Korea Republic,Home,1,0,1,3,1,1,1,2,0.5,1.5,0.0,0.5,-1.0,0.5,0.5,0.0,False,0.8,1.0,0.2,1.0,-0.2,0.4,0.8,0.4,60,1428.38,25,1591.63,1.0,1.0,0.5,1.5,0.0,1.0,0.5,0.0,2
400021466,2026-06-25 20:00:00+00:00,First Stage,43927,Ecuador,43948,Germany,Home,2,1,1,3,1,1,0,2,0.0,0.5,0.0,0.5,-0.5,0.0,0.0,0.5,False,1.8,0.6,0.6,2.2,1.2,0.7483314773547882,1.0,0.4,23,1598.52,10,1735.77,4.5,1.0,1.0,3.0,3.5,2.5,1.0,0.0,2
400021466,2026-06-25 20:00:00+00:00,First Stage,43948,Germany,43927,Ecuador,Away,1,2,-1,0,0,1,0,2,4.5,1.0,1.0,3.0,3.5,2.5,1.0,0.0,False,3.6,1.0,1.0,3.0,2.6,1.4966629547095764,1.0,0.4,10,1735.77,23,1598.52,0.0,0.5,0.0,0.5,-0.5,0.0,0.0,0.5,2
400021468,2026-06-25 20:00:00+00:00,First Stage,1895293,Curaçao,43854,Côte d'Ivoire,Home,0,2,-2,0,0,0,0,2,0.5,3.5,0.0,0.5,-3.0,0.5,0.5,0.5,False,1.2,2.2,0.2,0.8,-1.0,1.469693845669907,0.6,0.4,82,1294.77,33,1540.87,1.0,1.0,0.5,1.5,0.0,0.0,1.0,0.5,2
400021468,2026-06-25 20:00:00+00:00,First Stage,43854,Côte d'Ivoire,1895293,Curaçao,Away,2,0,2,3,1,1,1,2,1.0,1.0,0.5,1.5,0.0,0.0,1.0,0.5,False,2.4,0.8,0.8,2.4,1.6,1.019803902718557,1.0,0.6,33,1540.87,82,1294.77,0.5,3.5,0.0,0.5,-3.0,0.5,0.5,0.5,2
400021471,2026-06-25 23:00:00+00:00,First Stage,43819,Japan,43970,Sweden,Home,1,1,0,1,0,1,0,2,3.0,1.0,0.5,2.0,2.0,1.0,1.0,0.5,False,1.6,0.0,1.0,3.0,1.6,0.8,1.0,1.0,18,1661.58,38,1509.79,3.0,3.0,0.5,1.5,0.0,2.0,1.0,0.0,2
400021471,2026-06-25 23:00:00+00:00,First Stage,43970,Sweden,43819,Japan,Away,1,1,0,1,0,1,0,2,3.0,3.0,0.5,1.5,0.0,2.0,1.0,0.0,False,2.8,1.8,0.6,2.0,1.0,1.32664991614216,1.0,0.0,38,1509.79,18,1661.58,3.0,1.0,0.5,2.0,2.0,1.0,1.0,0.5,2
400021473,2026-06-25 23:00:00+00:00,First Stage,43960,Netherlands,43888,Tunisia,Away,3,1,2,3,1,1,0,2,3.5,1.5,0.5,2.0,2.0,1.5,1.0,0.0,False,1.8,0.8,0.6,2.0,1.0,1.32664991614216,0.8,0.2,8,1753.57,45,1476.41,0.5,4.5,0.0,0.0,-4.0,0.5,0.5,0.0,2
400021473,2026-06-25 23:00:00+00:00,First Stage,43888,Tunisia,43960,Netherlands,Home,1,3,-2,0,0,1,0,2,0.5,4.5,0.0,0.0,-4.0,0.5,0.5,0.0,False,0.4,2.2,0.2,0.8,-1.8,0.4898979485566356,0.4,0.4,45,1476.41,8,1753.57,3.5,1.5,0.5,2.0,2.0,1.5,1.0,0.0,2
400021459,2026-06-26 02:00:00+00:00,First Stage,43972,Türkiye,43921,USA,Home,3,2,1,3,1,1,0,2,0.0,1.5,0.0,0.0,-1.5,0.0,0.0,0.0,False,1.6,0.6,0.8,2.4,1.0,1.3564659966250536,0.8,0.6,22,1605.73,17,1671.23,3.0,0.5,1.0,3.0,2.5,1.0,1.0,0.5,2
400021459,2026-06-26 02:00:00+00:00,First Stage,43921,USA,43972,Türkiye,Away,2,3,-1,0,0,1,0,2,3.0,0.5,1.0,3.0,2.5,1.0,1.0,0.5,False,2.0,2.4,0.4,1.2,-0.4,1.4142135623730951,0.8,0.0,17,1671.23,22,1605.73,0.0,1.5,0.0,0.0,-1.5,0.0,0.0,0.0,2
400021461,2026-06-26 02:00:00+00:00,First Stage,43976,Australia,43928,Paraguay,Away,0,0,0,1,0,0,1,2,1.0,1.0,0.5,1.5,0.0,1.0,0.5,0.5,False,1.8,0.6,0.6,2.0,1.2,1.7204650534085253,0.8,0.4,27,1579.34,41,1505.35,1.0,2.0,0.5,1.5,-1.0,0.0,1.0,0.5,2
400021461,2026-06-26 02:00:00+00:00,First Stage,43928,Paraguay,43976,Australia,Home,0,0,0,1,0,0,1,2,1.0,2.0,0.5,1.5,-1.0,0.0,1.0,0.5,False,1.8,1.4,0.6,1.8,0.4,1.1661903789690602,1.0,0.4,41,1505.35,27,1579.34,1.0,1.0,0.5,1.5,0.0,1.0,0.5,0.5,2
400021489,2026-06-26 19:00:00+00:00,First Stage,43946,France,43961,Norway,Away,4,1,3,3,1,1,0,2,3.0,0.5,1.0,3.0,2.5,0.0,1.0,0.5,False,2.4,1.2,0.8,2.4,1.2,0.8,1.0,0.0,3,1870.7,31,1557.44,3.5,1.5,1.0,3.0,2.0,0.5,1.0,0.0,2
400021489,2026-06-26 19:00:00+00:00,First Stage,43961,Norway,43946,France,Home,1,4,-3,0,0,1,0,2,3.5,1.5,1.0,3.0,2.0,0.5,1.0,0.0,False,1.8,1.0,0.4,1.6,0.8,1.469693845669907,0.8,0.2,31,1557.44,3,1870.7,3.0,0.5,1.0,3.0,2.5,0.0,1.0,0.5,2
400021493,2026-06-26 19:00:00+00:00,First Stage,43818,Iraq,43879,Senegal,Away,0,5,-5,0,0,0,0,2,0.5,3.5,0.0,0.0,-3.0,0.5,0.5,0.0,False,0.8,1.0,0.4,1.4,-0.2,0.7483314773547882,0.6,0.2,57,1446.28,15,1684.07,1.5,3.0,0.0,0.0,-1.5,0.5,1.0,0.0,2
400021493,2026-06-26 19:00:00+00:00,First Stage,43879,Senegal,43818,Iraq,Home,5,0,5,3,1,1,1,2,1.5,3.0,0.0,0.0,-1.5,0.5,1.0,0.0,False,1.4,1.4,0.4,1.4,0.0,1.2,0.6,0.4,15,1684.07,57,1446.28,0.5,3.5,0.0,0.0,-3.0,0.5,0.5,0.0,2
400021484,2026-06-27 00:00:00+00:00,First Stage,43969,Spain,43930,Uruguay,Away,1,0,1,3,1,1,1,2,2.0,0.0,0.5,2.0,2.0,2.0,0.5,1.0,False,1.8,0.8,0.4,1.8,1.0,1.16619037896906,0.8,0.4,2,1874.71,16,1673.07,1.5,1.5,0.0,1.0,0.0,0.5,1.0,0.0,2
400021484,2026-06-27 00:00:00+00:00,First Stage,43930,Uruguay,43969,Spain,Home,0,1,-1,0,0,0,0,2,1.5,1.5,0.0,1.0,0.0,0.5,1.0,0.0,False,0.8,1.4,0.2,1.2,-0.6,0.7483314773547882,0.6,0.4,16,1673.07,2,1874.71,2.0,0.0,0.5,2.0,2.0,2.0,0.5,1.0,2
400021485,2026-06-27 00:00:00+00:00,First Stage,43850,Cabo Verde,43835,Saudi Arabia,Home,0,0,0,1,0,0,1,2,1.0,1.0,0.0,1.0,0.0,1.0,0.5,0.5,False,1.4,1.8,0.2,1.0,-0.4,1.0198039027185568,0.8,0.2,67,1371.11,61,1423.88,0.5,2.5,0.0,0.5,-2.0,0.5,0.5,0.0,2
400021485,2026-06-27 00:00:00+00:00,First Stage,43835,Saudi Arabia,43850,Cabo Verde,Away,0,0,0,1,0,0,1,2,0.5,2.5,0.0,0.5,-2.0,0.5,0.5,0.0,False,1.0,1.6,0.2,0.8,-0.6,1.0954451150103324,0.6,0.4,61,1423.88,67,1371.11,1.0,1.0,0.0,1.0,0.0,1.0,0.5,0.5,2
400021479,2026-06-27 03:00:00+00:00,First Stage,43855,Egypt,43817,IR Iran,Home,1,1,0,1,0,1,0,2,2.0,1.0,0.5,2.0,1.0,1.0,1.0,0.0,False,1.2,0.4,0.4,1.6,0.8,1.4696938456699071,0.6,0.8,29,1562.37,20,1619.58,1.0,1.0,0.0,1.0,0.0,1.0,0.5,0.5,2
400021479,2026-06-27 03:00:00+00:00,First Stage,43817,IR Iran,43855,Egypt,Away,1,1,0,1,0,1,0,2,1.0,1.0,0.0,1.0,0.0,1.0,0.5,0.5,False,2.6,1.0,0.6,2.0,1.6,1.3564659966250536,1.0,0.4,20,1619.58,29,1562.37,2.0,1.0,0.5,2.0,1.0,1.0,1.0,0.0,2
400021481,2026-06-27 03:00:00+00:00,First Stage,43935,Belgium,43978,New Zealand,Away,5,1,4,3,1,1,0,2,0.5,0.5,0.0,1.0,0.0,0.5,0.5,0.5,False,4.0,0.6,0.8,2.6,3.4,2.1908902300206643,1.0,0.6,9,1742.24,85,1275.58,1.5,2.5,0.0,0.5,-1.0,0.5,1.0,0.0,2
400021481,2026-06-27 03:00:00+00:00,First Stage,43978,New Zealand,43935,Belgium,Home,1,5,-4,0,0,1,0,2,1.5,2.5,0.0,0.5,-1.0,0.5,1.0,0.0,False,1.2,2.0,0.2,0.8,-0.8,1.6,0.4,0.0,85,1275.58,9,1742.24,0.5,0.5,0.0,1.0,0.0,0.5,0.5,0.5,2
400021508,2026-06-27 21:00:00+00:00,First Stage,43942,England,43914,Panama,Away,2,0,2,3,1,1,1,2,2.0,1.0,0.5,2.0,1.0,2.0,0.5,0.5,False,1.4,0.4,0.6,2.0,1.0,1.019803902718557,0.8,0.6,4,1828.02,34,1539.16,0.0,1.0,0.0,0.0,-1.0,0.0,0.0,0.0,2
400021508,2026-06-27 21:00:00+00:00,First Stage,43914,Panama,43942,England,Home,0,2,-2,0,0,0,0,2,0.0,1.0,0.0,0.0,-1.0,0.0,0.0,0.0,False,2.0,2.2,0.4,1.6,-0.2,1.095445115010332,1.0,0.0,34,1539.16,4,1828.02,2.0,1.0,0.5,2.0,1.0,2.0,0.5,0.5,2
400021509,2026-06-27 21:00:00+00:00,First Stage,43938,Croatia,43860,Ghana,Home,2,1,1,3,1,1,0,2,1.5,2.0,0.5,1.5,-0.5,0.5,1.0,0.5,False,1.6,1.8,0.6,1.8,-0.2,1.019803902718557,0.8,0.0,11,1714.87,73,1346.88,0.5,0.0,0.5,2.0,0.5,0.5,0.5,1.0,2
400021509,2026-06-27 21:00:00+00:00,First Stage,43860,Ghana,43938,Croatia,Away,1,2,-1,0,0,1,0,2,0.5,0.0,0.5,2.0,0.5,0.5,0.5,1.0,False,0.6,2.2,0.0,0.2,-1.6,0.4898979485566356,0.6,0.0,73,1346.88,11,1714.87,1.5,2.0,0.5,1.5,-0.5,0.5,1.0,0.5,2
400021500,2026-06-27 23:30:00+00:00,First Stage,20014,Congo DR,44005,Uzbekistan,Home,3,1,2,3,1,1,0,2,0.5,1.0,0.0,0.5,-0.5,0.5,0.5,0.0,False,0.8,0.6,0.4,1.4,0.2,0.7483314773547882,0.6,0.6,46,1474.43,50,1458.73,0.5,4.0,0.0,0.0,-3.5,0.5,0.5,0.0,2
400021500,2026-06-27 23:30:00+00:00,First Stage,44005,Uzbekistan,20014,Congo DR,Away,1,3,-2,0,0,1,0,2,0.5,4.0,0.0,0.0,-3.5,0.5,0.5,0.0,False,1.0,1.6,0.2,0.8,-0.6,1.095445115010332,0.6,0.2,50,1458.73,46,1474.43,0.5,1.0,0.0,0.5,-0.5,0.5,0.5,0.0,2
400021505,2026-06-27 23:30:00+00:00,First Stage,43926,Colombia,43963,Portugal,Home,0,0,0,1,0,0,1,2,2.0,0.5,1.0,3.0,1.5,1.0,1.0,0.5,False,2.0,1.4,0.6,1.8,0.6,0.8944271909999159,1.0,0.2,13,1698.35,5,1767.85,3.0,0.5,0.5,2.0,2.5,2.0,1.0,0.5,2
400021505,2026-06-27 23:30:00+00:00,First Stage,43963,Portugal,43926,Colombia,Away,0,0,0,1,0,0,1,2,3.0,0.5,0.5,2.0,2.5,2.0,1.0,0.5,False,3.0,0.6,0.8,2.6,2.4,3.0983866769659336,0.8,0.4,5,1767.85,13,1698.35,2.0,0.5,1.0,3.0,1.5,1.0,1.0,0.5,2
400021495,2026-06-28 02:00:00+00:00,First Stage,43922,Argentina,43820,Jordan,Away,3,1,2,3,1,1,0,2,2.5,0.0,1.0,3.0,2.5,0.5,1.0,1.0,False,3.0,0.2,1.0,3.0,2.8,1.095445115010332,1.0,0.8,1,1877.27,63,1387.74,1.0,2.5,0.0,0.0,-1.5,0.0,1.0,0.0,2
400021495,2026-06-28 02:00:00+00:00,First Stage,43820,Jordan,43922,Argentina,Home,1,3,-2,0,0,1,0,2,1.0,2.5,0.0,0.0,-1.5,0.0,1.0,0.0,False,1.2,2.6,0.0,0.4,-1.4,0.7483314773547882,0.8,0.0,63,1387.74,1,1877.27,2.5,0.0,1.0,3.0,2.5,0.5,1.0,1.0,2
400021497,2026-06-28 02:00:00+00:00,First Stage,43843,Algeria,43934,Austria,Home,3,3,0,1,0,1,0,2,1.0,2.0,0.5,1.5,-1.0,1.0,0.5,0.0,False,2.4,0.6,0.6,2.0,1.8,2.727636339397171,0.6,0.8,28,1571.03,24,1597.4,1.5,1.5,0.5,1.5,0.0,1.5,0.5,0.0,2
400021497,2026-06-28 02:00:00+00:00,First Stage,43934,Austria,43843,Algeria,Away,3,3,0,1,0,1,0,2,1.5,1.5,0.5,1.5,0.0,1.5,0.5,0.0,False,2.2,0.6,0.8,2.6,1.6,1.6,1.0,0.4,24,1597.4,28,1571.03,1.0,2.0,0.5,1.5,-1.0,1.0,0.5,0.0,2
400021518,2026-06-28 19:00:00+00:00,Round of 32,43899,Canada,43883,South Africa,Away,1,0,1,3,1,1,1,3,2.6666666666666665,1.0,0.3333333333333333,1.3333333333333333,1.6666666666666667,2.357022603955158,1.0,0.3333333333333333,False,1.4,0.6,0.4,1.8,0.8,0.8,0.8,0.6,30,1559.48,60,1428.38,0.6666666666666666,1.0,0.3333333333333333,1.3333333333333333,-0.3333333333333333,0.4714045207910317,0.6666666666666666,0.3333333333333333,3
400021518,2026-06-28 19:00:00+00:00,Round of 32,43883,South Africa,43899,Canada,Home,0,1,-1,0,0,0,0,3,0.6666666666666666,1.0,0.3333333333333333,1.3333333333333333,-0.3333333333333333,0.4714045207910317,0.6666666666666666,0.3333333333333333,False,0.8,1.0,0.2,1.0,-0.2,0.4,0.8,0.4,60,1428.38,30,1559.48,2.6666666666666665,1.0,0.3333333333333333,1.3333333333333333,1.6666666666666667,2.357022603955158,1.0,0.3333333333333333,3
400021516,2026-06-29 17:00:00+00:00,Round of 32,43924,Brazil,43819,Japan,Home,2,1,1,3,1,1,0,3,2.3333333333333335,0.3333333333333333,0.6666666666666666,2.3333333333333335,2.0,0.9428090415820634,1.0,0.6666666666666666,False,2.6,1.4,0.6,2.0,1.2,1.854723699099141,1.0,0.0,6,1765.86,18,1661.58,2.3333333333333335,1.0,0.3333333333333333,1.6666666666666667,1.3333333333333333,1.247219128924647,1.0,0.3333333333333333,3
400021516,2026-06-29 17:00:00+00:00,Round of 32,43819,Japan,43924,Brazil,Away,1,2,-1,0,0,1,0,3,2.3333333333333335,1.0,0.3333333333333333,1.6666666666666667,1.3333333333333333,1.247219128924647,1.0,0.3333333333333333,False,1.6,0.0,1.0,3.0,1.6,0.8,1.0,1.0,18,1661.58,6,1765.86,2.3333333333333335,0.3333333333333333,0.6666666666666666,2.3333333333333335,2.0,0.9428090415820634,1.0,0.6666666666666666,3
400021513,2026-06-29 20:30:00+00:00,Round of 32,43948,Germany,43928,Paraguay,Home,1,1,0,1,0,1,0,3,3.3333333333333335,1.3333333333333333,0.6666666666666666,2.0,2.0,2.6246692913372702,1.0,0.0,False,3.6,1.0,1.0,3.0,2.6,1.4966629547095764,1.0,0.4,10,1735.77,41,1505.35,0.6666666666666666,1.3333333333333333,0.3333333333333333,1.3333333333333333,-0.6666666666666666,0.4714045207910317,0.6666666666666666,0.6666666666666666,3
400021513,2026-06-29 20:30:00+00:00,Round of 32,43928,Paraguay,43948,Germany,Away,1,1,0,1,0,1,0,3,0.6666666666666666,1.3333333333333333,0.3333333333333333,1.3333333333333333,-0.6666666666666666,0.4714045207910317,0.6666666666666666,0.6666666666666666,False,1.8,1.4,0.6,1.8,0.4,1.1661903789690602,1.0,0.4,41,1505.35,10,1735.77,3.3333333333333335,1.3333333333333333,0.6666666666666666,2.0,2.0,2.6246692913372702,1.0,0.0,3
400021522,2026-06-30 01:00:00+00:00,Round of 32,43872,Morocco,43960,Netherlands,Away,1,1,0,1,0,1,0,3,2.0,1.0,0.6666666666666666,2.3333333333333335,1.0,1.4142135623730951,1.0,0.3333333333333333,False,2.6,0.6,0.6,2.2,2.0,1.624807680927192,1.0,0.4,7,1755.1,8,1753.57,3.3333333333333335,1.3333333333333333,0.6666666666666666,2.3333333333333335,2.0,1.247219128924647,1.0,0.0,3
400021522,2026-06-30 01:00:00+00:00,Round of 32,43960,Netherlands,43872,Morocco,Home,1,1,0,1,0,1,0,3,3.3333333333333335,1.3333333333333333,0.6666666666666666,2.3333333333333335,2.0,1.247219128924647,1.0,0.0,False,1.8,0.8,0.6,2.0,1.0,1.32664991614216,0.8,0.2,8,1753.57,7,1755.1,2.0,1.0,0.6666666666666666,2.3333333333333335,1.0,1.4142135623730951,1.0,0.3333333333333333,3
400021514,2026-06-30 17:00:00+00:00,Round of 32,43854,Côte d'Ivoire,43961,Norway,Home,1,2,-1,0,0,1,0,3,1.3333333333333333,0.6666666666666666,0.6666666666666666,2.0,0.6666666666666666,0.4714045207910317,1.0,0.6666666666666666,False,2.4,0.8,0.8,2.4,1.6,1.019803902718557,1.0,0.6,33,1540.87,31,1557.44,2.6666666666666665,2.3333333333333335,0.6666666666666666,2.0,0.3333333333333333,1.247219128924647,1.0,0.0,3
400021514,2026-06-30 17:00:00+00:00,Round of 32,43961,Norway,43854,Côte d'Ivoire,Away,2,1,1,3,1,1,0,3,2.6666666666666665,2.3333333333333335,0.6666666666666666,2.0,0.3333333333333333,1.247219128924647,1.0,0.0,False,1.8,1.0,0.4,1.6,0.8,1.469693845669907,0.8,0.2,31,1557.44,33,1540.87,1.3333333333333333,0.6666666666666666,0.6666666666666666,2.0,0.6666666666666666,0.4714045207910317,1.0,0.6666666666666666,3
400021523,2026-06-30 21:00:00+00:00,Round of 32,43946,France,43970,Sweden,Home,3,0,3,3,1,1,1,3,3.3333333333333335,0.6666666666666666,1.0,3.0,2.6666666666666665,0.4714045207910316,1.0,0.3333333333333333,False,2.4,1.2,0.8,2.4,1.2,0.8,1.0,0.0,3,1870.7,38,1509.79,2.3333333333333335,2.3333333333333335,0.3333333333333333,1.3333333333333333,0.0,1.8856180831641267,1.0,0.0,3
400021523,2026-06-30 21:00:00+00:00,Round of 32,43970,Sweden,43946,France,Away,0,3,-3,0,0,0,0,3,2.3333333333333335,2.3333333333333335,0.3333333333333333,1.3333333333333333,0.0,1.8856180831641267,1.0,0.0,False,2.8,1.8,0.6,2.0,1.0,1.32664991614216,1.0,0.0,38,1509.79,3,1870.7,3.3333333333333335,0.6666666666666666,1.0,3.0,2.6666666666666665,0.4714045207910316,1.0,0.3333333333333333,3
400021520,2026-07-01 02:00:00+00:00,Round of 32,43927,Ecuador,43911,Mexico,Away,0,2,-2,0,0,0,0,3,0.6666666666666666,0.6666666666666666,0.3333333333333333,1.3333333333333333,0.0,0.9428090415820634,0.3333333333333333,0.3333333333333333,False,1.8,0.6,0.6,2.2,1.2,0.7483314773547882,1.0,0.4,23,1598.52,14,1687.48,2.0,0.0,1.0,3.0,2.0,0.816496580927726,1.0,1.0,3
400021520,2026-07-01 02:00:00+00:00,Round of 32,43911,Mexico,43927,Ecuador,Home,2,0,2,3,1,1,1,3,2.0,0.0,1.0,3.0,2.0,0.816496580927726,1.0,1.0,False,1.8,0.4,0.6,2.2,1.4,1.7204650534085253,0.8,0.6,14,1687.48,23,1598.52,0.6666666666666666,0.6666666666666666,0.3333333333333333,1.3333333333333333,0.0,0.9428090415820634,0.3333333333333333,0.3333333333333333,3
400021512,2026-07-01 16:00:00+00:00,Round of 32,20014,Congo DR,43942,England,Away,1,2,-1,0,0,1,0,3,1.3333333333333333,1.0,0.3333333333333333,1.3333333333333333,0.3333333333333333,1.247219128924647,0.6666666666666666,0.0,False,0.8,0.6,0.4,1.4,0.2,0.7483314773547882,0.6,0.6,46,1474.43,4,1828.02,2.0,0.6666666666666666,0.6666666666666666,2.3333333333333335,1.3333333333333333,1.632993161855452,0.6666666666666666,0.6666666666666666,3
400021512,2026-07-01 16:00:00+00:00,Round of 32,43942,England,20014,Congo DR,Home,2,1,1,3,1,1,0,3,2.0,0.6666666666666666,0.6666666666666666,2.3333333333333335,1.3333333333333333,1.632993161855452,0.6666666666666666,0.6666666666666666,False,1.4,0.4,0.6,2.0,1.0,1.019803902718557,0.8,0.6,4,1828.02,46,1474.43,1.3333333333333333,1.0,0.3333333333333333,1.3333333333333333,0.3333333333333333,1.247219128924647,0.6666666666666666,0.0,3
400021525,2026-07-01 20:00:00+00:00,Round of 32,43935,Belgium,43879,Senegal,Home,3,2,1,3,1,1,0,3,2.0,0.6666666666666666,0.3333333333333333,1.6666666666666667,1.3333333333333333,2.160246899469287,0.6666666666666666,0.3333333333333333,False,4.0,0.6,0.8,2.6,3.4,2.1908902300206643,1.0,0.6,9,1742.24,15,1684.07,2.6666666666666665,2.0,0.3333333333333333,1.0,0.6666666666666666,1.699673171197595,1.0,0.3333333333333333,3
400021525,2026-07-01 20:00:00+00:00,Round of 32,43879,Senegal,43935,Belgium,Away,2,3,-1,0,0,1,0,3,2.6666666666666665,2.0,0.3333333333333333,1.0,0.6666666666666666,1.699673171197595,1.0,0.3333333333333333,False,1.4,1.4,0.4,1.4,0.0,1.2,0.6,0.4,15,1684.07,9,1742.24,2.0,0.6666666666666666,0.3333333333333333,1.6666666666666667,1.3333333333333333,2.160246899469287,0.6666666666666666,0.3333333333333333,3
400021524,2026-07-02 00:00:00+00:00,Round of 32,44037,Bosnia and Herzegovina,43921,USA,Away,0,2,-2,0,0,0,0,3,1.6666666666666667,2.0,0.3333333333333333,1.3333333333333333,-0.3333333333333333,0.9428090415820634,1.0,0.0,False,0.8,0.8,0.0,1.0,0.0,0.4,0.8,0.2,64,1387.22,17,1671.23,2.6666666666666665,1.3333333333333333,0.6666666666666666,2.0,1.3333333333333333,0.9428090415820634,1.0,0.3333333333333333,3
400021524,2026-07-02 00:00:00+00:00,Round of 32,43921,USA,44037,Bosnia and Herzegovina,Home,2,0,2,3,1,1,1,3,2.6666666666666665,1.3333333333333333,0.6666666666666666,2.0,1.3333333333333333,0.9428090415820634,1.0,0.3333333333333333,False,2.0,2.4,0.4,1.2,-0.4,1.4142135623730951,0.8,0.0,17,1671.23,64,1387.22,1.6666666666666667,2.0,0.3333333333333333,1.3333333333333333,-0.3333333333333333,0.9428090415820634,1.0,0.0,3
400021519,2026-07-02 19:00:00+00:00,Round of 32,43934,Austria,43969,Spain,Away,0,3,-3,0,0,0,0,3,2.0,2.0,0.3333333333333333,1.3333333333333333,0.0,1.4142135623730951,0.6666666666666666,0.0,False,2.2,0.6,0.8,2.6,1.6,1.6,1.0,0.4,24,1597.4,2,1874.71,1.6666666666666667,0.0,0.6666666666666666,2.3333333333333335,1.6666666666666667,1.699673171197595,0.6666666666666666,1.0,3
400021519,2026-07-02 19:00:00+00:00,Round of 32,43969,Spain,43934,Austria,Home,3,0,3,3,1,1,1,3,1.6666666666666667,0.0,0.6666666666666666,2.3333333333333335,1.6666666666666667,1.699673171197595,0.6666666666666666,1.0,False,1.8,0.8,0.4,1.8,1.0,1.16619037896906,0.8,0.4,2,1874.71,24,1597.4,2.0,2.0,0.3333333333333333,1.3333333333333333,0.0,1.4142135623730951,0.6666666666666666,0.0,3
400021526,2026-07-02 23:00:00+00:00,Round of 32,43938,Croatia,43963,Portugal,Away,1,2,-1,0,0,1,0,3,1.6666666666666667,1.6666666666666667,0.6666666666666666,2.0,0.0,0.4714045207910317,1.0,0.3333333333333333,False,1.6,1.8,0.6,1.8,-0.2,1.019803902718557,0.8,0.0,11,1714.87,5,1767.85,2.0,0.3333333333333333,0.3333333333333333,1.6666666666666667,1.6666666666666667,2.160246899469287,0.6666666666666666,0.6666666666666666,3
400021526,2026-07-02 23:00:00+00:00,Round of 32,43963,Portugal,43938,Croatia,Home,2,1,1,3,1,1,0,3,2.0,0.3333333333333333,0.3333333333333333,1.6666666666666667,1.6666666666666667,2.160246899469287,0.6666666666666666,0.6666666666666666,False,3.0,0.6,0.8,2.6,2.4,3.0983866769659336,0.8,0.4,5,1767.85,11,1714.87,1.6666666666666667,1.6666666666666667,0.6666666666666666,2.0,0.0,0.4714045207910317,1.0,0.3333333333333333,3
400021527,2026-07-03 03:00:00+00:00,Round of 32,43843,Algeria,43971,Switzerland,Away,0,2,-2,0,0,0,0,3,1.6666666666666667,2.3333333333333335,0.3333333333333333,1.3333333333333333,-0.6666666666666666,1.247219128924647,0.6666666666666666,0.0,False,2.4,0.6,0.6,2.0,1.8,2.727636339397171,0.6,0.8,28,1571.03,19,1650.06,2.3333333333333335,1.0,0.6666666666666666,2.3333333333333335,1.3333333333333333,1.247219128924647,1.0,0.0,3
400021527,2026-07-03 03:00:00+00:00,Round of 32,43971,Switzerland,43843,Algeria,Home,2,0,2,3,1,1,1,3,2.3333333333333335,1.0,0.6666666666666666,2.3333333333333335,1.3333333333333333,1.247219128924647,1.0,0.0,False,1.8,1.4,0.2,1.2,0.4,1.469693845669907,0.8,0.2,19,1650.06,28,1571.03,1.6666666666666667,2.3333333333333335,0.3333333333333333,1.3333333333333333,-0.6666666666666666,1.247219128924647,0.6666666666666666,0.0,3
400021515,2026-07-03 18:00:00+00:00,Round of 32,43976,Australia,43855,Egypt,Home,1,1,0,1,0,1,0,3,0.6666666666666666,0.6666666666666666,0.3333333333333333,1.3333333333333333,0.0,0.9428090415820634,0.3333333333333333,0.6666666666666666,False,1.8,0.6,0.6,2.0,1.2,1.7204650534085253,0.8,0.4,27,1579.34,29,1562.37,1.6666666666666667,1.0,0.3333333333333333,1.6666666666666667,0.6666666666666666,0.9428090415820634,1.0,0.0,3
400021515,2026-07-03 18:00:00+00:00,Round of 32,43855,Egypt,43976,Australia,Away,1,1,0,1,0,1,0,3,1.6666666666666667,1.0,0.3333333333333333,1.6666666666666667,0.6666666666666666,0.9428090415820634,1.0,0.0,False,1.2,0.4,0.4,1.6,0.8,1.4696938456699071,0.6,0.8,29,1562.37,27,1579.34,0.6666666666666666,0.6666666666666666,0.3333333333333333,1.3333333333333333,0.0,0.9428090415820634,0.3333333333333333,0.6666666666666666,3
400021521,2026-07-03 22:00:00+00:00,Round of 32,43922,Argentina,43850,Cabo Verde,Home,3,2,1,3,1,1,0,3,2.6666666666666665,0.3333333333333333,1.0,3.0,2.3333333333333335,0.4714045207910317,1.0,0.6666666666666666,False,3.0,0.2,1.0,3.0,2.8,1.095445115010332,1.0,0.8,1,1877.27,67,1371.11,0.6666666666666666,0.6666666666666666,0.0,1.0,0.0,0.9428090415820634,0.3333333333333333,0.6666666666666666,3
400021521,2026-07-03 22:00:00+00:00,Round of 32,43850,Cabo Verde,43922,Argentina,Away,2,3,-1,0,0,1,0,3,0.6666666666666666,0.6666666666666666,0.0,1.0,0.0,0.9428090415820634,0.3333333333333333,0.6666666666666666,False,1.4,1.8,0.2,1.0,-0.4,1.0198039027185568,0.8,0.2,67,1371.11,1,1877.27,2.6666666666666665,0.3333333333333333,1.0,3.0,2.3333333333333335,0.4714045207910317,1.0,0.6666666666666666,3
400021517,2026-07-04 01:30:00+00:00,Round of 32,43926,Colombia,43860,Ghana,Home,1,0,1,3,1,1,1,3,1.3333333333333333,0.3333333333333333,0.6666666666666666,2.3333333333333335,1.0,1.247219128924647,0.6666666666666666,0.6666666666666666,False,2.0,1.4,0.6,1.8,0.6,0.8944271909999159,1.0,0.2,13,1698.35,73,1346.88,0.6666666666666666,0.6666666666666666,0.3333333333333333,1.3333333333333333,0.0,0.4714045207910317,0.6666666666666666,0.6666666666666666,3
400021517,2026-07-04 01:30:00+00:00,Round of 32,43860,Ghana,43926,Colombia,Away,0,1,-1,0,0,0,0,3,0.6666666666666666,0.6666666666666666,0.3333333333333333,1.3333333333333333,0.0,0.4714045207910317,0.6666666666666666,0.6666666666666666,False,0.6,2.2,0.0,0.2,-1.6,0.4898979485566356,0.6,0.0,73,1346.88,13,1698.35,1.3333333333333333,0.3333333333333333,0.6666666666666666,2.3333333333333335,1.0,1.247219128924647,0.6666666666666666,0.6666666666666666,3
400021530,2026-07-04 17:00:00+00:00,Round of 16,43899,Canada,43872,Morocco,Home,0,3,-3,0,0,0,0,4,2.25,0.75,0.5,1.75,1.5,2.1650635094610964,1.0,0.5,False,1.4,0.6,0.4,1.8,0.8,0.8,0.8,0.6,30,1559.48,7,1755.1,1.75,1.0,0.5,2.0,0.75,1.299038105676658,1.0,0.25,4
400021530,2026-07-04 17:00:00+00:00,Round of 16,43872,Morocco,43899,Canada,Away,3,0,3,3,1,1,1,4,1.75,1.0,0.5,2.0,0.75,1.299038105676658,1.0,0.25,False,2.6,0.6,0.6,2.2,2.0,1.624807680927192,1.0,0.4,7,1755.1,30,1559.48,2.25,0.75,0.5,1.75,1.5,2.1650635094610964,1.0,0.5,4
400021533,2026-07-04 21:00:00+00:00,Round of 16,43946,France,43928,Paraguay,Away,1,0,1,3,1,1,1,4,3.25,0.5,1.0,3.0,2.75,0.4330127018922193,1.0,0.5,False,2.4,1.2,0.8,2.4,1.2,0.8,1.0,0.0,3,1870.7,41,1505.35,0.75,1.25,0.25,1.25,-0.5,0.4330127018922193,0.75,0.5,4
400021533,2026-07-04 21:00:00+00:00,Round of 16,43928,Paraguay,43946,France,Home,0,1,-1,0,0,0,0,4,0.75,1.25,0.25,1.25,-0.5,0.4330127018922193,0.75,0.5,False,1.8,1.4,0.6,1.8,0.4,1.1661903789690602,1.0,0.4,41,1505.35,3,1870.7,3.25,0.5,1.0,3.0,2.75,0.4330127018922193,1.0,0.5,4
400021532,2026-07-05 20:00:00+00:00,Round of 16,43924,Brazil,43961,Norway,Home,1,2,-1,0,0,1,0,4,2.25,0.5,0.75,2.5,1.75,0.82915619758885,1.0,0.5,False,2.6,1.4,0.6,2.0,1.2,1.854723699099141,1.0,0.0,6,1765.86,31,1557.44,2.5,2.0,0.75,2.25,0.5,1.1180339887498947,1.0,0.0,4
400021532,2026-07-05 20:00:00+00:00,Round of 16,43961,Norway,43924,Brazil,Away,2,1,1,3,1,1,0,4,2.5,2.0,0.75,2.25,0.5,1.1180339887498947,1.0,0.0,False,1.8,1.0,0.4,1.6,0.8,1.469693845669907,0.8,0.2,31,1557.44,6,1765.86,2.25,0.5,0.75,2.5,1.75,0.82915619758885,1.0,0.5,4
400021531,2026-07-06 01:00:00+00:00,Round of 16,43942,England,43911,Mexico,Away,3,2,1,3,1,1,0,4,2.0,0.75,0.75,2.5,1.25,1.4142135623730951,0.75,0.5,False,1.4,0.4,0.6,2.0,1.0,1.019803902718557,0.8,0.6,4,1828.02,14,1687.48,2.0,0.0,1.0,3.0,2.0,0.7071067811865476,1.0,1.0,4
400021531,2026-07-06 01:00:00+00:00,Round of 16,43911,Mexico,43942,England,Home,2,3,-1,0,0,1,0,4,2.0,0.0,1.0,3.0,2.0,0.7071067811865476,1.0,1.0,False,1.8,0.4,0.6,2.2,1.4,1.7204650534085253,0.8,0.6,14,1687.48,4,1828.02,2.0,0.75,0.75,2.5,1.25,1.4142135623730951,0.75,0.5,4
400021529,2026-07-06 19:00:00+00:00,Round of 16,43963,Portugal,43969,Spain,Home,0,1,-1,0,0,0,0,4,2.0,0.5,0.5,2.0,1.5,1.8708286933869707,0.75,0.5,False,3.0,0.6,0.8,2.6,2.4,3.0983866769659336,0.8,0.4,5,1767.85,2,1874.71,2.0,0.0,0.75,2.5,2.0,1.5811388300841898,0.75,1.0,4
400021529,2026-07-06 19:00:00+00:00,Round of 16,43969,Spain,43963,Portugal,Away,1,0,1,3,1,1,1,4,2.0,0.0,0.75,2.5,2.0,1.5811388300841898,0.75,1.0,False,1.8,0.8,0.4,1.8,1.0,1.16619037896906,0.8,0.4,2,1874.71,5,1767.85,2.0,0.5,0.5,2.0,1.5,1.8708286933869707,0.75,0.5,4
400021534,2026-07-07 00:00:00+00:00,Round of 16,43935,Belgium,43921,USA,Away,4,1,3,3,1,1,0,4,2.25,1.0,0.5,2.0,1.25,1.920286436967152,0.75,0.25,False,4.0,0.6,0.8,2.6,3.4,2.1908902300206643,1.0,0.6,9,1742.24,17,1671.23,2.5,1.0,0.75,2.25,1.5,0.8660254037844386,1.0,0.5,4
400021534,2026-07-07 00:00:00+00:00,Round of 16,43921,USA,43935,Belgium,Home,1,4,-3,0,0,1,0,4,2.5,1.0,0.75,2.25,1.5,0.8660254037844386,1.0,0.5,False,2.0,2.4,0.4,1.2,-0.4,1.4142135623730951,0.8,0.0,17,1671.23,9,1742.24,2.25,1.0,0.5,2.0,1.25,1.920286436967152,0.75,0.25,4
400021528,2026-07-07 16:00:00+00:00,Round of 16,43922,Argentina,43855,Egypt,Home,3,2,1,3,1,1,0,4,2.75,0.75,1.0,3.0,2.0,0.43301270189221935,1.0,0.5,False,3.0,0.2,1.0,3.0,2.8,1.095445115010332,1.0,0.8,1,1877.27,29,1562.37,1.5,1.0,0.25,1.5,0.5,0.8660254037844387,1.0,0.0,4
400021528,2026-07-07 16:00:00+00:00,Round of 16,43855,Egypt,43922,Argentina,Away,2,3,-1,0,0,1,0,4,1.5,1.0,0.25,1.5,0.5,0.8660254037844387,1.0,0.0,False,1.2,0.4,0.4,1.6,0.8,1.4696938456699071,0.6,0.8,29,1562.37,1,1877.27,2.75,0.75,1.0,3.0,2.0,0.43301270189221935,1.0,0.5,4
400021535,2026-07-07 20:00:00+00:00,Round of 16,43926,Colombia,43971,Switzerland,Away,0,0,0,1,0,0,1,4,1.25,0.25,0.75,2.5,1.0,1.0897247358851685,0.75,0.75,False,2.0,1.4,0.6,1.8,0.6,0.8944271909999159,1.0,0.2,13,1698.35,19,1650.06,2.25,0.75,0.75,2.5,1.5,1.0897247358851685,1.0,0.25,4
400021535,2026-07-07 20:00:00+00:00,Round of 16,43971,Switzerland,43926,Colombia,Home,0,0,0,1,0,0,1,4,2.25,0.75,0.75,2.5,1.5,1.0897247358851685,1.0,0.25,False,1.8,1.4,0.2,1.2,0.4,1.469693845669907,0.8,0.2,19,1650.06,13,1698.35,1.25,0.25,0.75,2.5,1.0,1.0897247358851685,0.75,0.75,4
400021536,2026-07-09 20:00:00+00:00,Quarter-final,43946,France,43872,Morocco,Home,2,0,2,3,1,1,1,5,2.8,0.4,1.0,3.0,2.4,0.9797958971132712,1.0,0.6,False,2.4,1.2,0.8,2.4,1.2,0.8,1.0,0.0,3,1870.7,7,1755.1,2.0,0.8,0.6,2.2,1.2,1.2649110640673518,1.0,0.4,5
400021536,2026-07-09 20:00:00+00:00,Quarter-final,43872,Morocco,43946,France,Away,0,2,-2,0,0,0,0,5,2.0,0.8,0.6,2.2,1.2,1.2649110640673518,1.0,0.4,False,2.6,0.6,0.6,2.2,2.0,1.624807680927192,1.0,0.4,7,1755.1,3,1870.7,2.8,0.4,1.0,3.0,2.4,0.9797958971132712,1.0,0.6,5
400021538,2026-07-10 19:00:00+00:00,Quarter-final,43935,Belgium,43969,Spain,Away,1,2,-1,0,0,1,0,5,2.6,1.0,0.6,2.2,1.6,1.8547236990991407,0.8,0.2,False,4.0,0.6,0.8,2.6,3.4,2.1908902300206643,1.0,0.6,9,1742.24,2,1874.71,1.8,0.0,0.8,2.6,1.8,1.469693845669907,0.8,1.0,5
400021538,2026-07-10 19:00:00+00:00,Quarter-final,43969,Spain,43935,Belgium,Home,2,1,1,3,1,1,0,5,1.8,0.0,0.8,2.6,1.8,1.469693845669907,0.8,1.0,False,1.8,0.8,0.4,1.8,1.0,1.16619037896906,0.8,0.4,2,1874.71,9,1742.24,2.6,1.0,0.6,2.2,1.6,1.8547236990991407,0.8,0.2,5
400021539,2026-07-11 21:00:00+00:00,Quarter-final,43942,England,43961,Norway,Away,2,1,1,3,1,1,0,5,2.2,1.0,0.8,2.6,1.2,1.32664991614216,0.8,0.4,False,1.4,0.4,0.6,2.0,1.0,1.019803902718557,0.8,0.6,4,1828.02,31,1557.44,2.4,1.8,0.8,2.4,0.6,1.0198039027185568,1.0,0.0,5
400021539,2026-07-11 21:00:00+00:00,Quarter-final,43961,Norway,43942,England,Home,1,2,-1,0,0,1,0,5,2.4,1.8,0.8,2.4,0.6,1.0198039027185568,1.0,0.0,False,1.8,1.0,0.4,1.6,0.8,1.469693845669907,0.8,0.2,31,1557.44,4,1828.02,2.2,1.0,0.8,2.6,1.2,1.32664991614216,0.8,0.4,5
400021537,2026-07-12 01:00:00+00:00,Quarter-final,43922,Argentina,43971,Switzerland,Home,3,1,2,3,1,1,0,5,2.8,1.0,1.0,3.0,1.8,0.4,1.0,0.4,False,3.0,0.2,1.0,3.0,2.8,1.095445115010332,1.0,0.8,1,1877.27,19,1650.06,1.8,0.6,0.6,2.2,1.2,1.32664991614216,0.8,0.4,5
400021537,2026-07-12 01:00:00+00:00,Quarter-final,43971,Switzerland,43922,Argentina,Away,1,3,-2,0,0,1,0,5,1.8,0.6,0.6,2.2,1.2,1.32664991614216,0.8,0.4,False,1.8,1.4,0.2,1.2,0.4,1.469693845669907,0.8,0.2,19,1650.06,1,1877.27,2.8,1.0,1.0,3.0,1.8,0.4,1.0,0.4,5
400021541,2026-07-14 19:00:00+00:00,Semi-final,43946,France,43969,Spain,Home,0,2,-2,0,0,0,0,6,2.6666666666666665,0.3333333333333333,1.0,3.0,2.3333333333333335,0.9428090415820634,1.0,0.6666666666666666,False,2.4,1.2,0.8,2.4,1.2,0.8,1.0,0.0,3,1870.7,2,1874.71,1.8333333333333333,0.16666666666666666,0.8333333333333334,2.6666666666666665,1.6666666666666667,1.3437096247164249,0.8333333333333334,0.8333333333333334,6
400021541,2026-07-14 19:00:00+00:00,Semi-final,43969,Spain,43946,France,Away,2,0,2,3,1,1,1,6,1.8333333333333333,0.16666666666666666,0.8333333333333334,2.6666666666666665,1.6666666666666667,1.3437096247164249,0.8333333333333334,0.8333333333333334,False,1.8,0.8,0.4,1.8,1.0,1.16619037896906,0.8,0.4,2,1874.71,3,1870.7,2.6666666666666665,0.3333333333333333,1.0,3.0,2.3333333333333335,0.9428090415820634,1.0,0.6666666666666666,6
400021540,2026-07-15 19:00:00+00:00,Semi-final,43922,Argentina,43942,England,Away,2,1,1,3,1,1,0,6,2.8333333333333335,1.0,1.0,3.0,1.8333333333333333,0.372677996249965,1.0,0.3333333333333333,False,3.0,0.2,1.0,3.0,2.8,1.095445115010332,1.0,0.8,1,1877.27,4,1828.02,2.1666666666666665,1.0,0.8333333333333334,2.6666666666666665,1.1666666666666667,1.2133516482134197,0.8333333333333334,0.3333333333333333,6
400021540,2026-07-15 19:00:00+00:00,Semi-final,43942,England,43922,Argentina,Home,1,2,-1,0,0,1,0,6,2.1666666666666665,1.0,0.8333333333333334,2.6666666666666665,1.1666666666666667,1.2133516482134197,0.8333333333333334,0.3333333333333333,False,1.4,0.4,0.6,2.0,1.0,1.019803902718557,0.8,0.6,4,1828.02,1,1877.27,2.8333333333333335,1.0,1.0,3.0,1.8333333333333333,0.372677996249965,1.0,0.3333333333333333,6
400021542,2026-07-18 21:00:00+00:00,Bronze final,43942,England,43946,France,Away,6,4,2,3,1,1,0,7,2.0,1.1428571428571428,0.7142857142857143,2.2857142857142856,0.8571428571428571,1.1952286093343938,0.8571428571428571,0.2857142857142857,False,1.4,0.4,0.6,2.0,1.0,1.019803902718557,0.8,0.6,4,1828.02,3,1870.7,2.2857142857142856,0.5714285714285714,0.8571428571428571,2.5714285714285716,1.7142857142857142,1.2777531299998797,0.8571428571428571,0.5714285714285714,7
400021542,2026-07-18 21:00:00+00:00,Bronze final,43946,France,43942,England,Home,4,6,-2,0,0,1,0,7,2.2857142857142856,0.5714285714285714,0.8571428571428571,2.5714285714285716,1.7142857142857142,1.2777531299998797,0.8571428571428571,0.5714285714285714,False,2.4,1.2,0.8,2.4,1.2,0.8,1.0,0.0,3,1870.7,4,1828.02,2.0,1.1428571428571428,0.7142857142857143,2.2857142857142856,0.8571428571428571,1.1952286093343938,0.8571428571428571,0.2857142857142857,7
400021543,2026-07-19 19:00:00+00:00,Final,43922,Argentina,43969,Spain,Away,0,1,-1,0,0,0,0,7,2.7142857142857144,1.0,1.0,3.0,1.7142857142857142,0.4517539514526256,1.0,0.2857142857142857,False,3.0,0.2,1.0,3.0,2.8,1.095445115010332,1.0,0.8,1,1877.27,2,1874.71,1.8571428571428572,0.14285714285714285,0.8571428571428571,2.7142857142857144,1.7142857142857142,1.2453996981544782,0.8571428571428571,0.8571428571428571,7
400021543,2026-07-19 19:00:00+00:00,Final,43969,Spain,43922,Argentina,Home,1,0,1,3,1,1,1,7,1.8571428571428572,0.14285714285714285,0.8571428571428571,2.7142857142857144,1.7142857142857142,1.2453996981544782,0.8571428571428571,0.8571428571428571,False,1.8,0.8,0.4,1.8,1.0,1.16619037896906,0.8,0.4,2,1874.71,1,1877.27,2.7142857142857144,1.0,1.0,3.0,1.7142857142857142,0.4517539514526256,1.0,0.2857142857142857,7
