match_id,match_date,stage,home_team_id,home_team,away_team_id,away_team,home_goals,away_goals,goal_difference
400021443,2026-06-11 19:00:00+00:00,First Stage,43911,Mexico,43883,South Africa,2,0,2
400021441,2026-06-12 02:00:00+00:00,First Stage,43822,Korea Republic,43995,Czechia,2,1,1
400021449,2026-06-12 19:00:00+00:00,First Stage,43899,Canada,44037,Bosnia and Herzegovina,1,1,0
400021458,2026-06-13 01:00:00+00:00,First Stage,43921,USA,43928,Paraguay,4,1,3
400021447,2026-06-13 19:00:00+00:00,First Stage,43834,Qatar,43971,Switzerland,1,1,0
400021456,2026-06-13 22:00:00+00:00,First Stage,43924,Brazil,43872,Morocco,1,1,0
400021453,2026-06-14 01:00:00+00:00,First Stage,43908,Haiti,43967,Scotland,0,1,-1
400021463,2026-06-14 04:00:00+00:00,First Stage,43976,Australia,43972,Türkiye,2,0,2
400021464,2026-06-14 17:00:00+00:00,First Stage,43948,Germany,1895293,Curaçao,7,1,6
400021470,2026-06-14 20:00:00+00:00,First Stage,43960,Netherlands,43819,Japan,2,2,0
400021467,2026-06-14 23:00:00+00:00,First Stage,43854,Côte d'Ivoire,43927,Ecuador,1,0,1
400021474,2026-06-15 02:00:00+00:00,First Stage,43970,Sweden,43888,Tunisia,5,1,4
400021482,2026-06-15 16:00:00+00:00,First Stage,43969,Spain,43850,Cabo Verde,0,0,0
400021478,2026-06-15 19:00:00+00:00,First Stage,43935,Belgium,43855,Egypt,1,1,0
400021486,2026-06-15 22:00:00+00:00,First Stage,43835,Saudi Arabia,43930,Uruguay,1,1,0
400021476,2026-06-16 01:00:00+00:00,First Stage,43817,IR Iran,43978,New Zealand,2,2,0
400021490,2026-06-16 19:00:00+00:00,First Stage,43946,France,43879,Senegal,3,1,2
400021488,2026-06-16 22:00:00+00:00,First Stage,43818,Iraq,43961,Norway,1,4,-3
400021496,2026-06-17 01:00:00+00:00,First Stage,43922,Argentina,43843,Algeria,3,0,3
400021498,2026-06-17 04:00:00+00:00,First Stage,43934,Austria,43820,Jordan,3,1,2
400021502,2026-06-17 17:00:00+00:00,First Stage,43963,Portugal,20014,Congo DR,1,1,0
400021507,2026-06-17 20:00:00+00:00,First Stage,43942,England,43938,Croatia,4,2,2
400021510,2026-06-17 23:00:00+00:00,First Stage,43860,Ghana,43914,Panama,1,0,1
400021504,2026-06-18 02:00:00+00:00,First Stage,44005,Uzbekistan,43926,Colombia,1,3,-2
400021440,2026-06-18 16:00:00+00:00,First Stage,43995,Czechia,43883,South Africa,1,1,0
400021446,2026-06-18 19:00:00+00:00,First Stage,43971,Switzerland,44037,Bosnia and Herzegovina,4,1,3
400021450,2026-06-18 22:00:00+00:00,First Stage,43899,Canada,43834,Qatar,6,0,6
400021442,2026-06-19 01:00:00+00:00,First Stage,43911,Mexico,43822,Korea Republic,1,0,1
400021462,2026-06-19 19:00:00+00:00,First Stage,43921,USA,43976,Australia,2,0,2
400021454,2026-06-19 22:00:00+00:00,First Stage,43967,Scotland,43872,Morocco,0,1,-1
400021457,2026-06-20 00:30:00+00:00,First Stage,43924,Brazil,43908,Haiti,3,0,3
400021460,2026-06-20 03:00:00+00:00,First Stage,43972,Türkiye,43928,Paraguay,0,1,-1
400021472,2026-06-20 17:00:00+00:00,First Stage,43960,Netherlands,43970,Sweden,5,1,4
400021469,2026-06-20 20:00:00+00:00,First Stage,43948,Germany,43854,Côte d'Ivoire,2,1,1
400021465,2026-06-21 00:00:00+00:00,First Stage,43927,Ecuador,1895293,Curaçao,0,0,0
400021475,2026-06-21 04:00:00+00:00,First Stage,43888,Tunisia,43819,Japan,0,4,-4
400021483,2026-06-21 16:00:00+00:00,First Stage,43969,Spain,43835,Saudi Arabia,4,0,4
400021477,2026-06-21 19:00:00+00:00,First Stage,43935,Belgium,43817,IR Iran,0,0,0
400021487,2026-06-21 22:00:00+00:00,First Stage,43930,Uruguay,43850,Cabo Verde,2,2,0
400021480,2026-06-22 01:00:00+00:00,First Stage,43978,New Zealand,43855,Egypt,1,3,-2
400021494,2026-06-22 17:00:00+00:00,First Stage,43922,Argentina,43934,Austria,2,0,2
400021492,2026-06-22 21:00:00+00:00,First Stage,43946,France,43818,Iraq,3,0,3
400021491,2026-06-23 00:00:00+00:00,First Stage,43961,Norway,43879,Senegal,3,2,1
400021499,2026-06-23 03:00:00+00:00,First Stage,43820,Jordan,43843,Algeria,1,2,-1
400021503,2026-06-23 17:00:00+00:00,First Stage,43963,Portugal,44005,Uzbekistan,5,0,5
400021506,2026-06-23 20:00:00+00:00,First Stage,43942,England,43860,Ghana,0,0,0
400021511,2026-06-23 23:00:00+00:00,First Stage,43914,Panama,43938,Croatia,0,1,-1
400021501,2026-06-24 02:00:00+00:00,First Stage,43926,Colombia,20014,Congo DR,1,0,1
400021448,2026-06-24 19:00:00+00:00,First Stage,44037,Bosnia and Herzegovina,43834,Qatar,3,1,2
400021451,2026-06-24 19:00:00+00:00,First Stage,43971,Switzerland,43899,Canada,2,1,1
400021452,2026-06-24 22:00:00+00:00,First Stage,43872,Morocco,43908,Haiti,4,2,2
400021455,2026-06-24 22:00:00+00:00,First Stage,43967,Scotland,43924,Brazil,0,3,-3
400021444,2026-06-25 01:00:00+00:00,First Stage,43995,Czechia,43911,Mexico,0,3,-3
400021445,2026-06-25 01:00:00+00:00,First Stage,43883,South Africa,43822,Korea Republic,1,0,1
400021466,2026-06-25 20:00:00+00:00,First Stage,43927,Ecuador,43948,Germany,2,1,1
400021468,2026-06-25 20:00:00+00:00,First Stage,1895293,Curaçao,43854,Côte d'Ivoire,0,2,-2
400021471,2026-06-25 23:00:00+00:00,First Stage,43819,Japan,43970,Sweden,1,1,0
400021473,2026-06-25 23:00:00+00:00,First Stage,43888,Tunisia,43960,Netherlands,1,3,-2
400021459,2026-06-26 02:00:00+00:00,First Stage,43972,Türkiye,43921,USA,3,2,1
400021461,2026-06-26 02:00:00+00:00,First Stage,43928,Paraguay,43976,Australia,0,0,0
400021489,2026-06-26 19:00:00+00:00,First Stage,43961,Norway,43946,France,1,4,-3
400021493,2026-06-26 19:00:00+00:00,First Stage,43879,Senegal,43818,Iraq,5,0,5
400021484,2026-06-27 00:00:00+00:00,First Stage,43930,Uruguay,43969,Spain,0,1,-1
400021485,2026-06-27 00:00:00+00:00,First Stage,43850,Cabo Verde,43835,Saudi Arabia,0,0,0
400021479,2026-06-27 03:00:00+00:00,First Stage,43855,Egypt,43817,IR Iran,1,1,0
400021481,2026-06-27 03:00:00+00:00,First Stage,43978,New Zealand,43935,Belgium,1,5,-4
400021508,2026-06-27 21:00:00+00:00,First Stage,43914,Panama,43942,England,0,2,-2
400021509,2026-06-27 21:00:00+00:00,First Stage,43938,Croatia,43860,Ghana,2,1,1
400021500,2026-06-27 23:30:00+00:00,First Stage,20014,Congo DR,44005,Uzbekistan,3,1,2
400021505,2026-06-27 23:30:00+00:00,First Stage,43926,Colombia,43963,Portugal,0,0,0
400021495,2026-06-28 02:00:00+00:00,First Stage,43820,Jordan,43922,Argentina,1,3,-2
400021497,2026-06-28 02:00:00+00:00,First Stage,43843,Algeria,43934,Austria,3,3,0
400021518,2026-06-28 19:00:00+00:00,Round of 32,43883,South Africa,43899,Canada,0,1,-1
400021516,2026-06-29 17:00:00+00:00,Round of 32,43924,Brazil,43819,Japan,2,1,1
400021513,2026-06-29 20:30:00+00:00,Round of 32,43948,Germany,43928,Paraguay,1,1,0
400021522,2026-06-30 01:00:00+00:00,Round of 32,43960,Netherlands,43872,Morocco,1,1,0
400021514,2026-06-30 17:00:00+00:00,Round of 32,43854,Côte d'Ivoire,43961,Norway,1,2,-1
400021523,2026-06-30 21:00:00+00:00,Round of 32,43946,France,43970,Sweden,3,0,3
400021520,2026-07-01 02:00:00+00:00,Round of 32,43911,Mexico,43927,Ecuador,2,0,2
400021512,2026-07-01 16:00:00+00:00,Round of 32,43942,England,20014,Congo DR,2,1,1
400021525,2026-07-01 20:00:00+00:00,Round of 32,43935,Belgium,43879,Senegal,3,2,1
400021524,2026-07-02 00:00:00+00:00,Round of 32,43921,USA,44037,Bosnia and Herzegovina,2,0,2
400021519,2026-07-02 19:00:00+00:00,Round of 32,43969,Spain,43934,Austria,3,0,3
400021526,2026-07-02 23:00:00+00:00,Round of 32,43963,Portugal,43938,Croatia,2,1,1
400021527,2026-07-03 03:00:00+00:00,Round of 32,43971,Switzerland,43843,Algeria,2,0,2
400021515,2026-07-03 18:00:00+00:00,Round of 32,43976,Australia,43855,Egypt,1,1,0
400021521,2026-07-03 22:00:00+00:00,Round of 32,43922,Argentina,43850,Cabo Verde,3,2,1
400021517,2026-07-04 01:30:00+00:00,Round of 32,43926,Colombia,43860,Ghana,1,0,1
400021530,2026-07-04 17:00:00+00:00,Round of 16,43899,Canada,43872,Morocco,0,3,-3
400021533,2026-07-04 21:00:00+00:00,Round of 16,43928,Paraguay,43946,France,0,1,-1
400021532,2026-07-05 20:00:00+00:00,Round of 16,43924,Brazil,43961,Norway,1,2,-1
400021531,2026-07-06 01:00:00+00:00,Round of 16,43911,Mexico,43942,England,2,3,-1
400021529,2026-07-06 19:00:00+00:00,Round of 16,43963,Portugal,43969,Spain,0,1,-1
400021534,2026-07-07 00:00:00+00:00,Round of 16,43921,USA,43935,Belgium,1,4,-3
400021528,2026-07-07 16:00:00+00:00,Round of 16,43922,Argentina,43855,Egypt,3,2,1
400021535,2026-07-07 20:00:00+00:00,Round of 16,43971,Switzerland,43926,Colombia,0,0,0
400021536,2026-07-09 20:00:00+00:00,Quarter-final,43946,France,43872,Morocco,2,0,2
400021538,2026-07-10 19:00:00+00:00,Quarter-final,43969,Spain,43935,Belgium,2,1,1
400021539,2026-07-11 21:00:00+00:00,Quarter-final,43961,Norway,43942,England,1,2,-1
400021537,2026-07-12 01:00:00+00:00,Quarter-final,43922,Argentina,43971,Switzerland,3,1,2
400021541,2026-07-14 19:00:00+00:00,Semi-final,43946,France,43969,Spain,0,2,-2
400021540,2026-07-15 19:00:00+00:00,Semi-final,43942,England,43922,Argentina,1,2,-1
400021542,2026-07-18 21:00:00+00:00,Bronze final,43946,France,43942,England,4,6,-2
400021543,2026-07-19 19:00:00+00:00,Final,43969,Spain,43922,Argentina,1,0,1
